y,x
0,7501.0
1,7500.0
2,7500.0
3,7500.0
4,7500.0
5,7500.0
6,7500.0
7,7500.0
8,7500.0
9,7500.0
10,7500.0
11,7500.0
12,7500.0
13,7500.0
14,7500.0
15,7500.0
16,7500.0
17,7500.0
18,7500.0
19,7500.0
20,7500.0
21,7500.0
22,7500.0
23,7500.0
24,7500.0
25,7500.0
26,7500.0
27,7500.0
28,7500.0
29,7500.0
30,7500.0
31,7500.0
32,7500.0
33,7500.0
34,7500.0
35,7500.0
36,7500.0
37,7500.0
38,7500.0
39,7500.0
40,7500.0
41,7500.0
42,7500.0
43,7500.0
44,7500.0
45,7500.0
46,7500.0
47,7500.0
48,7500.0
49,7500.0
50,7500.0
51,7500.0
52,7500.0
53,7500.0
54,7500.0
55,7500.0
56,7500.0
57,7500.0
58,7500.0
59,7500.0
60,7500.0
61,7500.0
62,7500.0
63,7500.0
64,7500.0
65,7500.0
66,7500.0
67,7500.0
68,7500.0
69,7500.0
70,7500.0
71,7500.0
72,7500.0
73,7500.0
74,7500.0
75,7500.0
76,7500.0
77,7500.0
78,7500.0
79,7500.0
80,7500.0
81,7500.0
82,7500.0
83,7500.0
84,7500.0
85,7500.0
86,7500.0
87,7500.0
88,7500.0
89,7500.0
90,7500.0
91,7500.0
92,7499.0
93,7499.0
94,7499.0
95,7499.0
96,7499.0
97,7499.0
98,7499.0
99,7499.0
100,7499.0
101,7499.0
102,7499.0
103,7499.0
104,7499.0
105,7499.0
106,7499.0
107,7499.0
108,7499.0
109,7499.0
110,7499.0
111,7499.0
112,7499.0
113,7499.0
114,7499.0
115,7499.0
116,7499.0
117,7499.0
118,7499.0
119,7499.0
120,7499.0
121,7499.0
122,7499.0
123,7499.0
124,7499.0
125,7499.0
126,7499.0
127,7499.0
128,7499.0
129,7499.0
130,7498.0
131,7498.0
132,7498.0
133,7498.0
134,7498.0
135,7498.0
136,7498.0
137,7498.0
138,7498.0
139,7498.0
140,7498.0
141,7498.0
142,7498.0
143,7498.0
144,7498.0
145,7498.0
146,7498.0
147,7498.0
148,7498.0
149,7498.0
150,7498.0
151,7498.0
152,7498.0
153,7498.0
154,7498.0
155,7498.0
156,7498.0
157,7498.0
158,7498.0
159,7497.0
160,7497.0
161,7497.0
162,7497.0
163,7497.0
164,7497.0
165,7497.0
166,7497.0
167,7497.0
168,7497.0
169,7497.0
170,7497.0
171,7497.0
172,7497.0
173,7497.0
174,7497.0
175,7497.0
176,7497.0
177,7497.0
178,7497.0
179,7497.0
180,7497.0
181,7497.0
182,7497.0
183,7496.0
184,7496.0
185,7496.0
186,7496.0
187,7496.0
188,7496.0
189,7496.0
190,7496.0
191,7496.0
192,7496.0
193,7496.0
194,7496.0
195,7496.0
196,7496.0
197,7496.0
198,7496.0
199,7496.0
200,7496.0
201,7496.0
202,7496.0
203,7496.0
204,7496.0
205,7495.0
206,7495.0
207,7495.0
208,7495.0
209,7495.0
210,7495.0
211,7495.0
212,7495.0
213,7495.0
214,7495.0
215,7495.0
216,7495.0
217,7495.0
218,7495.0
219,7495.0
220,7495.0
221,7495.0
222,7495.0
223,7495.0
224,7494.0
225,7494.0
226,7494.0
227,7494.0
228,7494.0
229,7494.0
230,7494.0
231,7494.0
232,7494.0
233,7494.0
234,7494.0
235,7494.0
236,7494.0
237,7494.0
238,7494.0
239,7494.0
240,7494.0
241,7494.0
242,7493.0
243,7493.0
244,7493.0
245,7493.0
246,7493.0
247,7493.0
248,7493.0
249,7493.0
250,7493.0
251,7493.0
252,7493.0
253,7493.0
254,7493.0
255,7493.0
256,7493.0
257,7493.0
258,7493.0
259,7492.0
260,7492.0
261,7492.0
262,7492.0
263,7492.0
264,7492.0
265,7492.0
266,7492.0
267,7492.0
268,7492.0
269,7492.0
270,7492.0
271,7492.0
272,7492.0
273,7492.0
274,7491.0
275,7491.0
276,7491.0
277,7491.0
278,7491.0
279,7491.0
280,7491.0
281,7491.0
282,7491.0
283,7491.0
284,7491.0
285,7491.0
286,7491.0
287,7491.0
288,7491.0
289,7490.0
290,7490.0
291,7490.0
292,7490.0
293,7490.0
294,7490.0
295,7490.0
296,7490.0
297,7490.0
298,7490.0
299,7490.0
300,7490.0
301,7490.0
302,7490.0
303,7489.0
304,7489.0
305,7489.0
306,7489.0
307,7489.0
308,7489.0
309,7489.0
310,7489.0
311,7489.0
312,7489.0
313,7489.0
314,7489.0
315,7489.0
316,7489.0
317,7488.0
318,7488.0
319,7488.0
320,7488.0
321,7488.0
322,7488.0
323,7488.0
324,7488.0
325,7488.0
326,7488.0
327,7488.0
328,7488.0
329,7487.0
330,7487.0
331,7487.0
332,7487.0
333,7487.0
334,7487.0
335,7487.0
336,7487.0
337,7487.0
338,7487.0
339,7487.0
340,7487.0
341,7487.0
342,7486.0
343,7486.0
344,7486.0
345,7486.0
346,7486.0
347,7486.0
348,7486.0
349,7486.0
350,7486.0
351,7486.0
352,7486.0
353,7486.0
354,7485.0
355,7485.0
356,7485.0
357,7485.0
358,7485.0
359,7485.0
360,7485.0
361,7485.0
362,7485.0
363,7485.0
364,7485.0
365,7484.0
366,7484.0
367,7484.0
368,7484.0
369,7484.0
370,7484.0
371,7484.0
372,7484.0
373,7484.0
374,7484.0
375,7484.0
376,7484.0
377,7483.0
378,7483.0
379,7483.0
380,7483.0
381,7483.0
382,7483.0
383,7483.0
384,7483.0
385,7483.0
386,7483.0
387,7483.0
388,7482.0
389,7482.0
390,7482.0
391,7482.0
392,7482.0
393,7482.0
394,7482.0
395,7482.0
396,7482.0
397,7482.0
398,7481.0
399,7481.0
400,7481.0
401,7481.0
402,7481.0
403,7481.0
404,7481.0
405,7481.0
406,7481.0
407,7481.0
408,7480.0
409,7480.0
410,7480.0
411,7480.0
412,7480.0
413,7480.0
414,7480.0
415,7480.0
416,7480.0
417,7480.0
418,7480.0
419,7479.0
420,7479.0
421,7479.0
422,7479.0
423,7479.0
424,7479.0
425,7479.0
426,7479.0
427,7479.0
428,7478.0
429,7478.0
430,7478.0
431,7478.0
432,7478.0
433,7478.0
434,7478.0
435,7478.0
436,7478.0
437,7478.0
438,7477.0
439,7477.0
440,7477.0
441,7477.0
442,7477.0
443,7477.0
444,7477.0
445,7477.0
446,7477.0
447,7476.0
448,7476.0
449,7476.0
450,7476.0
451,7476.0
452,7476.0
453,7476.0
454,7476.0
455,7476.0
456,7476.0
457,7475.0
458,7475.0
459,7475.0
460,7475.0
461,7475.0
462,7475.0
463,7475.0
464,7475.0
465,7475.0
466,7474.0
467,7474.0
468,7474.0
469,7474.0
470,7474.0
471,7474.0
472,7474.0
473,7474.0
474,7473.0
475,7473.0
476,7473.0
477,7473.0
478,7473.0
479,7473.0
480,7473.0
481,7473.0
482,7473.0
483,7472.0
484,7472.0
485,7472.0
486,7472.0
487,7472.0
488,7472.0
489,7472.0
490,7472.0
491,7472.0
492,7471.0
493,7471.0
494,7471.0
495,7471.0
496,7471.0
497,7471.0
498,7471.0
499,7471.0
500,7470.0
501,7470.0
502,7470.0
503,7470.0
504,7470.0
505,7470.0
506,7470.0
507,7470.0
508,7469.0
509,7469.0
510,7469.0
511,7469.0
512,7469.0
513,7469.0
514,7469.0
515,7469.0
516,7468.0
517,7468.0
518,7468.0
519,7468.0
520,7468.0
521,7468.0
522,7468.0
523,7468.0
524,7467.0
525,7467.0
526,7467.0
527,7467.0
528,7467.0
529,7467.0
530,7467.0
531,7467.0
532,7466.0
533,7466.0
534,7466.0
535,7466.0
536,7466.0
537,7466.0
538,7466.0
539,7466.0
540,7465.0
541,7465.0
542,7465.0
543,7465.0
544,7465.0
545,7465.0
546,7465.0
547,7465.0
548,7464.0
549,7464.0
550,7464.0
551,7464.0
552,7464.0
553,7464.0
554,7464.0
555,7463.0
556,7463.0
557,7463.0
558,7463.0
559,7463.0
560,7463.0
561,7463.0
562,7463.0
563,7462.0
564,7462.0
565,7462.0
566,7462.0
567,7462.0
568,7462.0
569,7462.0
570,7461.0
571,7461.0
572,7461.0
573,7461.0
574,7461.0
575,7461.0
576,7461.0
577,7460.0
578,7460.0
579,7460.0
580,7460.0
581,7460.0
582,7460.0
583,7460.0
584,7459.0
585,7459.0
586,7459.0
587,7459.0
588,7459.0
589,7459.0
590,7459.0
591,7458.0
592,7458.0
593,7458.0
594,7458.0
595,7458.0
596,7458.0
597,7458.0
598,7457.0
599,7457.0
600,7457.0
601,7457.0
602,7457.0
603,7457.0
604,7457.0
605,7456.0
606,7456.0
607,7456.0
608,7456.0
609,7456.0
610,7456.0
611,7456.0
612,7455.0
613,7455.0
614,7455.0
615,7455.0
616,7455.0
617,7455.0
618,7455.0
619,7454.0
620,7454.0
621,7454.0
622,7454.0
623,7454.0
624,7454.0
625,7453.0
626,7453.0
627,7453.0
628,7453.0
629,7453.0
630,7453.0
631,7453.0
632,7452.0
633,7452.0
634,7452.0
635,7452.0
636,7452.0
637,7452.0
638,7451.0
639,7451.0
640,7451.0
641,7451.0
642,7451.0
643,7451.0
644,7451.0
645,7450.0
646,7450.0
647,7450.0
648,7450.0
649,7450.0
650,7450.0
651,7449.0
652,7449.0
653,7449.0
654,7449.0
655,7449.0
656,7449.0
657,7449.0
658,7448.0
659,7448.0
660,7448.0
661,7448.0
662,7448.0
663,7448.0
664,7447.0
665,7447.0
666,7447.0
667,7447.0
668,7447.0
669,7447.0
670,7446.0
671,7446.0
672,7446.0
673,7446.0
674,7446.0
675,7446.0
676,7445.0
677,7445.0
678,7445.0
679,7445.0
680,7445.0
681,7445.0
682,7444.0
683,7444.0
684,7444.0
685,7444.0
686,7444.0
687,7444.0
688,7443.0
689,7443.0
690,7443.0
691,7443.0
692,7443.0
693,7443.0
694,7442.0
695,7442.0
696,7442.0
697,7442.0
698,7442.0
699,7442.0
700,7441.0
701,7441.0
702,7441.0
703,7441.0
704,7441.0
705,7441.0
706,7440.0
707,7440.0
708,7440.0
709,7440.0
710,7440.0
711,7440.0
712,7439.0
713,7439.0
714,7439.0
715,7439.0
716,7439.0
717,7439.0
718,7438.0
719,7438.0
720,7438.0
721,7438.0
722,7438.0
723,7438.0
724,7437.0
725,7437.0
726,7437.0
727,7437.0
728,7437.0
729,7436.0
730,7436.0
731,7436.0
732,7436.0
733,7436.0
734,7436.0
735,7435.0
736,7435.0
737,7435.0
738,7435.0
739,7435.0
740,7434.0
741,7434.0
742,7434.0
743,7434.0
744,7434.0
745,7434.0
746,7433.0
747,7433.0
748,7433.0
749,7433.0
750,7433.0
751,7433.0
752,7432.0
753,7432.0
754,7432.0
755,7432.0
756,7432.0
757,7431.0
758,7431.0
759,7431.0
760,7431.0
761,7431.0
762,7430.0
763,7430.0
764,7430.0
765,7430.0
766,7430.0
767,7430.0
768,7429.0
769,7429.0
770,7429.0
771,7429.0
772,7429.0
773,7428.0
774,7428.0
775,7428.0
776,7428.0
777,7428.0
778,7428.0
779,7427.0
780,7427.0
781,7427.0
782,7427.0
783,7427.0
784,7426.0
785,7426.0
786,7426.0
787,7426.0
788,7426.0
789,7425.0
790,7425.0
791,7425.0
792,7425.0
793,7425.0
794,7424.0
795,7424.0
796,7424.0
797,7424.0
798,7424.0
799,7423.0
800,7423.0
801,7423.0
802,7423.0
803,7423.0
804,7423.0
805,7422.0
806,7422.0
807,7422.0
808,7422.0
809,7422.0
810,7421.0
811,7421.0
812,7421.0
813,7421.0
814,7421.0
815,7420.0
816,7420.0
817,7420.0
818,7420.0
819,7420.0
820,7419.0
821,7419.0
822,7419.0
823,7419.0
824,7419.0
825,7418.0
826,7418.0
827,7418.0
828,7418.0
829,7418.0
830,7417.0
831,7417.0
832,7417.0
833,7417.0
834,7417.0
835,7416.0
836,7416.0
837,7416.0
838,7416.0
839,7416.0
840,7415.0
841,7415.0
842,7415.0
843,7415.0
844,7415.0
845,7414.0
846,7414.0
847,7414.0
848,7414.0
849,7413.0
850,7413.0
851,7413.0
852,7413.0
853,7413.0
854,7412.0
855,7412.0
856,7412.0
857,7412.0
858,7412.0
859,7411.0
860,7411.0
861,7411.0
862,7411.0
863,7411.0
864,7410.0
865,7410.0
866,7410.0
867,7410.0
868,7410.0
869,7409.0
870,7409.0
871,7409.0
872,7409.0
873,7408.0
874,7408.0
875,7408.0
876,7408.0
877,7408.0
878,7407.0
879,7407.0
880,7407.0
881,7407.0
882,7407.0
883,7406.0
884,7406.0
885,7406.0
886,7406.0
887,7405.0
888,7405.0
889,7405.0
890,7405.0
891,7405.0
892,7404.0
893,7404.0
894,7404.0
895,7404.0
896,7404.0
897,7403.0
898,7403.0
899,7403.0
900,7403.0
901,7402.0
902,7402.0
903,7402.0
904,7402.0
905,7402.0
906,7401.0
907,7401.0
908,7401.0
909,7401.0
910,7400.0
911,7400.0
912,7400.0
913,7400.0
914,7400.0
915,7399.0
916,7399.0
917,7399.0
918,7399.0
919,7398.0
920,7398.0
921,7398.0
922,7398.0
923,7398.0
924,7397.0
925,7397.0
926,7397.0
927,7397.0
928,7396.0
929,7396.0
930,7396.0
931,7396.0
932,7396.0
933,7395.0
934,7395.0
935,7395.0
936,7395.0
937,7394.0
938,7394.0
939,7394.0
940,7394.0
941,7393.0
942,7393.0
943,7393.0
944,7393.0
945,7393.0
946,7392.0
947,7392.0
948,7392.0
949,7392.0
950,7391.0
951,7391.0
952,7391.0
953,7391.0
954,7390.0
955,7390.0
956,7390.0
957,7390.0
958,7390.0
959,7389.0
960,7389.0
961,7389.0
962,7389.0
963,7388.0
964,7388.0
965,7388.0
966,7388.0
967,7387.0
968,7387.0
969,7387.0
970,7387.0
971,7386.0
972,7386.0
973,7386.0
974,7386.0
975,7386.0
976,7385.0
977,7385.0
978,7385.0
979,7385.0
980,7384.0
981,7384.0
982,7384.0
983,7384.0
984,7383.0
985,7383.0
986,7383.0
987,7383.0
988,7382.0
989,7382.0
990,7382.0
991,7382.0
992,7381.0
993,7381.0
994,7381.0
995,7381.0
996,7380.0
997,7380.0
998,7380.0
999,7380.0
1000,7380.0
1001,7379.0
1002,7379.0
1003,7379.0
1004,7379.0
1005,7378.0
1006,7378.0
1007,7378.0
1008,7378.0
1009,7377.0
1010,7377.0
1011,7377.0
1012,7377.0
1013,7376.0
1014,7376.0
1015,7376.0
1016,7376.0
1017,7375.0
1018,7375.0
1019,7375.0
1020,7375.0
1021,7374.0
1022,7374.0
1023,7374.0
1024,7374.0
1025,7373.0
1026,7373.0
1027,7373.0
1028,7373.0
1029,7372.0
1030,7372.0
1031,7372.0
1032,7372.0
1033,7371.0
1034,7371.0
1035,7371.0
1036,7371.0
1037,7370.0
1038,7370.0
1039,7370.0
1040,7370.0
1041,7369.0
1042,7369.0
1043,7369.0
1044,7369.0
1045,7368.0
1046,7368.0
1047,7368.0
1048,7368.0
1049,7367.0
1050,7367.0
1051,7367.0
1052,7366.0
1053,7366.0
1054,7366.0
1055,7366.0
1056,7365.0
1057,7365.0
1058,7365.0
1059,7365.0
1060,7364.0
1061,7364.0
1062,7364.0
1063,7364.0
1064,7363.0
1065,7363.0
1066,7363.0
1067,7363.0
1068,7362.0
1069,7362.0
1070,7362.0
1071,7362.0
1072,7361.0
1073,7361.0
1074,7361.0
1075,7361.0
1076,7360.0
1077,7360.0
1078,7360.0
1079,7359.0
1080,7359.0
1081,7359.0
1082,7359.0
1083,7358.0
1084,7358.0
1085,7358.0
1086,7358.0
1087,7357.0
1088,7357.0
1089,7357.0
1090,7357.0
1091,7356.0
1092,7356.0
1093,7356.0
1094,7355.0
1095,7355.0
1096,7355.0
1097,7355.0
1098,7354.0
1099,7354.0
1100,7354.0
1101,7354.0
1102,7353.0
1103,7353.0
1104,7353.0
1105,7353.0
1106,7352.0
1107,7352.0
1108,7352.0
1109,7351.0
1110,7351.0
1111,7351.0
1112,7351.0
1113,7350.0
1114,7350.0
1115,7350.0
1116,7350.0
1117,7349.0
1118,7349.0
1119,7349.0
1120,7348.0
1121,7348.0
1122,7348.0
1123,7348.0
1124,7347.0
1125,7347.0
1126,7347.0
1127,7347.0
1128,7346.0
1129,7346.0
1130,7346.0
1131,7345.0
1132,7345.0
1133,7345.0
1134,7345.0
1135,7344.0
1136,7344.0
1137,7344.0
1138,7343.0
1139,7343.0
1140,7343.0
1141,7343.0
1142,7342.0
1143,7342.0
1144,7342.0
1145,7341.0
1146,7341.0
1147,7341.0
1148,7341.0
1149,7340.0
1150,7340.0
1151,7340.0
1152,7340.0
1153,7339.0
1154,7339.0
1155,7339.0
1156,7338.0
1157,7338.0
1158,7338.0
1159,7338.0
1160,7337.0
1161,7337.0
1162,7337.0
1163,7336.0
1164,7336.0
1165,7336.0
1166,7336.0
1167,7335.0
1168,7335.0
1169,7335.0
1170,7334.0
1171,7334.0
1172,7334.0
1173,7334.0
1174,7333.0
1175,7333.0
1176,7333.0
1177,7332.0
1178,7332.0
1179,7332.0
1180,7332.0
1181,7331.0
1182,7331.0
1183,7331.0
1184,7330.0
1185,7330.0
1186,7330.0
1187,7329.0
1188,7329.0
1189,7329.0
1190,7329.0
1191,7328.0
1192,7328.0
1193,7328.0
1194,7327.0
1195,7327.0
1196,7327.0
1197,7327.0
1198,7326.0
1199,7326.0
1200,7326.0
1201,7325.0
1202,7325.0
1203,7325.0
1204,7324.0
1205,7324.0
1206,7324.0
1207,7324.0
1208,7323.0
1209,7323.0
1210,7323.0
1211,7322.0
1212,7322.0
1213,7322.0
1214,7322.0
1215,7321.0
1216,7321.0
1217,7321.0
1218,7320.0
1219,7320.0
1220,7320.0
1221,7319.0
1222,7319.0
1223,7319.0
1224,7319.0
1225,7318.0
1226,7318.0
1227,7318.0
1228,7317.0
1229,7317.0
1230,7317.0
1231,7316.0
1232,7316.0
1233,7316.0
1234,7315.0
1235,7315.0
1236,7315.0
1237,7315.0
1238,7314.0
1239,7314.0
1240,7314.0
1241,7313.0
1242,7313.0
1243,7313.0
1244,7312.0
1245,7312.0
1246,7312.0
1247,7312.0
1248,7311.0
1249,7311.0
1250,7311.0
1251,7310.0
1252,7310.0
1253,7310.0
1254,7309.0
1255,7309.0
1256,7309.0
1257,7308.0
1258,7308.0
1259,7308.0
1260,7308.0
1261,7307.0
1262,7307.0
1263,7307.0
1264,7306.0
1265,7306.0
1266,7306.0
1267,7305.0
1268,7305.0
1269,7305.0
1270,7304.0
1271,7304.0
1272,7304.0
1273,7303.0
1274,7303.0
1275,7303.0
1276,7303.0
1277,7302.0
1278,7302.0
1279,7302.0
1280,7301.0
1281,7301.0
1282,7301.0
1283,7300.0
1284,7300.0
1285,7300.0
1286,7299.0
1287,7299.0
1288,7299.0
1289,7298.0
1290,7298.0
1291,7298.0
1292,7297.0
1293,7297.0
1294,7297.0
1295,7296.0
1296,7296.0
1297,7296.0
1298,7296.0
1299,7295.0
1300,7295.0
1301,7295.0
1302,7294.0
1303,7294.0
1304,7294.0
1305,7293.0
1306,7293.0
1307,7293.0
1308,7292.0
1309,7292.0
1310,7292.0
1311,7291.0
1312,7291.0
1313,7291.0
1314,7290.0
1315,7290.0
1316,7290.0
1317,7289.0
1318,7289.0
1319,7289.0
1320,7288.0
1321,7288.0
1322,7288.0
1323,7287.0
1324,7287.0
1325,7287.0
1326,7286.0
1327,7286.0
1328,7286.0
1329,7285.0
1330,7285.0
1331,7285.0
1332,7284.0
1333,7284.0
1334,7284.0
1335,7283.0
1336,7283.0
1337,7283.0
1338,7283.0
1339,7282.0
1340,7282.0
1341,7282.0
1342,7281.0
1343,7281.0
1344,7281.0
1345,7280.0
1346,7280.0
1347,7280.0
1348,7279.0
1349,7279.0
1350,7279.0
1351,7278.0
1352,7278.0
1353,7278.0
1354,7277.0
1355,7277.0
1356,7277.0
1357,7276.0
1358,7276.0
1359,7275.0
1360,7275.0
1361,7275.0
1362,7274.0
1363,7274.0
1364,7274.0
1365,7273.0
1366,7273.0
1367,7273.0
1368,7272.0
1369,7272.0
1370,7272.0
1371,7271.0
1372,7271.0
1373,7271.0
1374,7270.0
1375,7270.0
1376,7270.0
1377,7269.0
1378,7269.0
1379,7269.0
1380,7268.0
1381,7268.0
1382,7268.0
1383,7267.0
1384,7267.0
1385,7267.0
1386,7266.0
1387,7266.0
1388,7266.0
1389,7265.0
1390,7265.0
1391,7265.0
1392,7264.0
1393,7264.0
1394,7264.0
1395,7263.0
1396,7263.0
1397,7263.0
1398,7262.0
1399,7262.0
1400,7261.0
1401,7261.0
1402,7261.0
1403,7260.0
1404,7260.0
1405,7260.0
1406,7259.0
1407,7259.0
1408,7259.0
1409,7258.0
1410,7258.0
1411,7258.0
1412,7257.0
1413,7257.0
1414,7257.0
1415,7256.0
1416,7256.0
1417,7256.0
1418,7255.0
1419,7255.0
1420,7254.0
1421,7254.0
1422,7254.0
1423,7253.0
1424,7253.0
1425,7253.0
1426,7252.0
1427,7252.0
1428,7252.0
1429,7251.0
1430,7251.0
1431,7251.0
1432,7250.0
1433,7250.0
1434,7250.0
1435,7249.0
1436,7249.0
1437,7248.0
1438,7248.0
1439,7248.0
1440,7247.0
1441,7247.0
1442,7247.0
1443,7246.0
1444,7246.0
1445,7246.0
1446,7245.0
1447,7245.0
1448,7245.0
1449,7244.0
1450,7244.0
1451,7243.0
1452,7243.0
1453,7243.0
1454,7242.0
1455,7242.0
1456,7242.0
1457,7241.0
1458,7241.0
1459,7241.0
1460,7240.0
1461,7240.0
1462,7239.0
1463,7239.0
1464,7239.0
1465,7238.0
1466,7238.0
1467,7238.0
1468,7237.0
1469,7237.0
1470,7237.0
1471,7236.0
1472,7236.0
1473,7235.0
1474,7235.0
1475,7235.0
1476,7234.0
1477,7234.0
1478,7234.0
1479,7233.0
1480,7233.0
1481,7233.0
1482,7232.0
1483,7232.0
1484,7231.0
1485,7231.0
1486,7231.0
1487,7230.0
1488,7230.0
1489,7230.0
1490,7229.0
1491,7229.0
1492,7228.0
1493,7228.0
1494,7228.0
1495,7227.0
1496,7227.0
1497,7227.0
1498,7226.0
1499,7226.0
1500,7225.0
1501,7225.0
1502,7225.0
1503,7224.0
1504,7224.0
1505,7224.0
1506,7223.0
1507,7223.0
1508,7222.0
1509,7222.0
1510,7222.0
1511,7221.0
1512,7221.0
1513,7221.0
1514,7220.0
1515,7220.0
1516,7219.0
1517,7219.0
1518,7219.0
1519,7218.0
1520,7218.0
1521,7218.0
1522,7217.0
1523,7217.0
1524,7216.0
1525,7216.0
1526,7216.0
1527,7215.0
1528,7215.0
1529,7215.0
1530,7214.0
1531,7214.0
1532,7213.0
1533,7213.0
1534,7213.0
1535,7212.0
1536,7212.0
1537,7211.0
1538,7211.0
1539,7211.0
1540,7210.0
1541,7210.0
1542,7210.0
1543,7209.0
1544,7209.0
1545,7208.0
1546,7208.0
1547,7208.0
1548,7207.0
1549,7207.0
1550,7206.0
1551,7206.0
1552,7206.0
1553,7205.0
1554,7205.0
1555,7204.0
1556,7204.0
1557,7204.0
1558,7203.0
1559,7203.0
1560,7203.0
1561,7202.0
1562,7202.0
1563,7201.0
1564,7201.0
1565,7201.0
1566,7200.0
1567,7200.0
1568,7199.0
1569,7199.0
1570,7199.0
1571,7198.0
1572,7198.0
1573,7197.0
1574,7197.0
1575,7197.0
1576,7196.0
1577,7196.0
1578,7195.0
1579,7195.0
1580,7195.0
1581,7194.0
1582,7194.0
1583,7194.0
1584,7193.0
1585,7193.0
1586,7192.0
1587,7192.0
1588,7192.0
1589,7191.0
1590,7191.0
1591,7190.0
1592,7190.0
1593,7190.0
1594,7189.0
1595,7189.0
1596,7188.0
1597,7188.0
1598,7188.0
1599,7187.0
1600,7187.0
1601,7186.0
1602,7186.0
1603,7186.0
1604,7185.0
1605,7185.0
1606,7184.0
1607,7184.0
1608,7184.0
1609,7183.0
1610,7183.0
1611,7182.0
1612,7182.0
1613,7182.0
1614,7181.0
1615,7181.0
1616,7180.0
1617,7180.0
1618,7179.0
1619,7179.0
1620,7179.0
1621,7178.0
1622,7178.0
1623,7177.0
1624,7177.0
1625,7177.0
1626,7176.0
1627,7176.0
1628,7175.0
1629,7175.0
1630,7175.0
1631,7174.0
1632,7174.0
1633,7173.0
1634,7173.0
1635,7173.0
1636,7172.0
1637,7172.0
1638,7171.0
1639,7171.0
1640,7170.0
1641,7170.0
1642,7170.0
1643,7169.0
1644,7169.0
1645,7168.0
1646,7168.0
1647,7168.0
1648,7167.0
1649,7167.0
1650,7166.0
1651,7166.0
1652,7166.0
1653,7165.0
1654,7165.0
1655,7164.0
1656,7164.0
1657,7163.0
1658,7163.0
1659,7163.0
1660,7162.0
1661,7162.0
1662,7161.0
1663,7161.0
1664,7161.0
1665,7160.0
1666,7160.0
1667,7159.0
1668,7159.0
1669,7158.0
1670,7158.0
1671,7158.0
1672,7157.0
1673,7157.0
1674,7156.0
1675,7156.0
1676,7155.0
1677,7155.0
1678,7155.0
1679,7154.0
1680,7154.0
1681,7153.0
1682,7153.0
1683,7153.0
1684,7152.0
1685,7152.0
1686,7151.0
1687,7151.0
1688,7150.0
1689,7150.0
1690,7150.0
1691,7149.0
1692,7149.0
1693,7148.0
1694,7148.0
1695,7147.0
1696,7147.0
1697,7147.0
1698,7146.0
1699,7146.0
1700,7145.0
1701,7145.0
1702,7144.0
1703,7144.0
1704,7144.0
1705,7143.0
1706,7143.0
1707,7142.0
1708,7142.0
1709,7141.0
1710,7141.0
1711,7141.0
1712,7140.0
1713,7140.0
1714,7139.0
1715,7139.0
1716,7138.0
1717,7138.0
1718,7138.0
1719,7137.0
1720,7137.0
1721,7136.0
1722,7136.0
1723,7135.0
1724,7135.0
1725,7134.0
1726,7134.0
1727,7134.0
1728,7133.0
1729,7133.0
1730,7132.0
1731,7132.0
1732,7131.0
1733,7131.0
1734,7131.0
1735,7130.0
1736,7130.0
1737,7129.0
1738,7129.0
1739,7128.0
1740,7128.0
1741,7127.0
1742,7127.0
1743,7127.0
1744,7126.0
1745,7126.0
1746,7125.0
1747,7125.0
1748,7124.0
1749,7124.0
1750,7124.0
1751,7123.0
1752,7123.0
1753,7122.0
1754,7122.0
1755,7121.0
1756,7121.0
1757,7120.0
1758,7120.0
1759,7120.0
1760,7119.0
1761,7119.0
1762,7118.0
1763,7118.0
1764,7117.0
1765,7117.0
1766,7116.0
1767,7116.0
1768,7116.0
1769,7115.0
1770,7115.0
1771,7114.0
1772,7114.0
1773,7113.0
1774,7113.0
1775,7112.0
1776,7112.0
1777,7111.0
1778,7111.0
1779,7111.0
1780,7110.0
1781,7110.0
1782,7109.0
1783,7109.0
1784,7108.0
1785,7108.0
1786,7107.0
1787,7107.0
1788,7107.0
1789,7106.0
1790,7106.0
1791,7105.0
1792,7105.0
1793,7104.0
1794,7104.0
1795,7103.0
1796,7103.0
1797,7102.0
1798,7102.0
1799,7102.0
1800,7101.0
1801,7101.0
1802,7100.0
1803,7100.0
1804,7099.0
1805,7099.0
1806,7098.0
1807,7098.0
1808,7097.0
1809,7097.0
1810,7096.0
1811,7096.0
1812,7096.0
1813,7095.0
1814,7095.0
1815,7094.0
1816,7094.0
1817,7093.0
1818,7093.0
1819,7092.0
1820,7092.0
1821,7091.0
1822,7091.0
1823,7090.0
1824,7090.0
1825,7090.0
1826,7089.0
1827,7089.0
1828,7088.0
1829,7088.0
1830,7087.0
1831,7087.0
1832,7086.0
1833,7086.0
1834,7085.0
1835,7085.0
1836,7084.0
1837,7084.0
1838,7084.0
1839,7083.0
1840,7083.0
1841,7082.0
1842,7082.0
1843,7081.0
1844,7081.0
1845,7080.0
1846,7080.0
1847,7079.0
1848,7079.0
1849,7078.0
1850,7078.0
1851,7077.0
1852,7077.0
1853,7076.0
1854,7076.0
1855,7076.0
1856,7075.0
1857,7075.0
1858,7074.0
1859,7074.0
1860,7073.0
1861,7073.0
1862,7072.0
1863,7072.0
1864,7071.0
1865,7071.0
1866,7070.0
1867,7070.0
1868,7069.0
1869,7069.0
1870,7068.0
1871,7068.0
1872,7067.0
1873,7067.0
1874,7067.0
1875,7066.0
1876,7066.0
1877,7065.0
1878,7065.0
1879,7064.0
1880,7064.0
1881,7063.0
1882,7063.0
1883,7062.0
1884,7062.0
1885,7061.0
1886,7061.0
1887,7060.0
1888,7060.0
1889,7059.0
1890,7059.0
1891,7058.0
1892,7058.0
1893,7057.0
1894,7057.0
1895,7056.0
1896,7056.0
1897,7055.0
1898,7055.0
1899,7054.0
1900,7054.0
1901,7054.0
1902,7053.0
1903,7053.0
1904,7052.0
1905,7052.0
1906,7051.0
1907,7051.0
1908,7050.0
1909,7050.0
1910,7049.0
1911,7049.0
1912,7048.0
1913,7048.0
1914,7047.0
1915,7047.0
1916,7046.0
1917,7046.0
1918,7045.0
1919,7045.0
1920,7044.0
1921,7044.0
1922,7043.0
1923,7043.0
1924,7042.0
1925,7042.0
1926,7041.0
1927,7041.0
1928,7040.0
1929,7040.0
1930,7039.0
1931,7039.0
1932,7038.0
1933,7038.0
1934,7037.0
1935,7037.0
1936,7036.0
1937,7036.0
1938,7035.0
1939,7035.0
1940,7034.0
1941,7034.0
1942,7033.0
1943,7033.0
1944,7032.0
1945,7032.0
1946,7031.0
1947,7031.0
1948,7030.0
1949,7030.0
1950,7029.0
1951,7029.0
1952,7028.0
1953,7028.0
1954,7027.0
1955,7027.0
1956,7026.0
1957,7026.0
1958,7025.0
1959,7025.0
1960,7024.0
1961,7024.0
1962,7023.0
1963,7023.0
1964,7022.0
1965,7022.0
1966,7021.0
1967,7021.0
1968,7020.0
1969,7020.0
1970,7019.0
1971,7019.0
1972,7018.0
1973,7018.0
1974,7017.0
1975,7017.0
1976,7016.0
1977,7016.0
1978,7015.0
1979,7015.0
1980,7014.0
1981,7014.0
1982,7013.0
1983,7013.0
1984,7012.0
1985,7012.0
1986,7011.0
1987,7011.0
1988,7010.0
1989,7010.0
1990,7009.0
1991,7009.0
1992,7008.0
1993,7008.0
1994,7007.0
1995,7007.0
1996,7006.0
1997,7006.0
1998,7005.0
1999,7005.0
2000,7004.0
2001,7004.0
2002,7003.0
2003,7003.0
2004,7002.0
2005,7001.0
2006,7001.0
2007,7000.0
2008,7000.0
2009,6999.0
2010,6999.0
2011,6998.0
2012,6998.0
2013,6997.0
2014,6997.0
2015,6996.0
2016,6996.0
2017,6995.0
2018,6995.0
2019,6994.0
2020,6994.0
2021,6993.0
2022,6993.0
2023,6992.0
2024,6992.0
2025,6991.0
2026,6991.0
2027,6990.0
2028,6990.0
2029,6989.0
2030,6989.0
2031,6988.0
2032,6987.0
2033,6987.0
2034,6986.0
2035,6986.0
2036,6985.0
2037,6985.0
2038,6984.0
2039,6984.0
2040,6983.0
2041,6983.0
2042,6982.0
2043,6982.0
2044,6981.0
2045,6981.0
2046,6980.0
2047,6980.0
2048,6979.0
2049,6979.0
2050,6978.0
2051,6977.0
2052,6977.0
2053,6976.0
2054,6976.0
2055,6975.0
2056,6975.0
2057,6974.0
2058,6974.0
2059,6973.0
2060,6973.0
2061,6972.0
2062,6972.0
2063,6971.0
2064,6971.0
2065,6970.0
2066,6969.0
2067,6969.0
2068,6968.0
2069,6968.0
2070,6967.0
2071,6967.0
2072,6966.0
2073,6966.0
2074,6965.0
2075,6965.0
2076,6964.0
2077,6964.0
2078,6963.0
2079,6963.0
2080,6962.0
2081,6961.0
2082,6961.0
2083,6960.0
2084,6960.0
2085,6959.0
2086,6959.0
2087,6958.0
2088,6958.0
2089,6957.0
2090,6957.0
2091,6956.0
2092,6956.0
2093,6955.0
2094,6954.0
2095,6954.0
2096,6953.0
2097,6953.0
2098,6952.0
2099,6952.0
2100,6951.0
2101,6951.0
2102,6950.0
2103,6950.0
2104,6949.0
2105,6948.0
2106,6948.0
2107,6947.0
2108,6947.0
2109,6946.0
2110,6946.0
2111,6945.0
2112,6945.0
2113,6944.0
2114,6944.0
2115,6943.0
2116,6942.0
2117,6942.0
2118,6941.0
2119,6941.0
2120,6940.0
2121,6940.0
2122,6939.0
2123,6939.0
2124,6938.0
2125,6937.0
2126,6937.0
2127,6936.0
2128,6936.0
2129,6935.0
2130,6935.0
2131,6934.0
2132,6934.0
2133,6933.0
2134,6933.0
2135,6932.0
2136,6931.0
2137,6931.0
2138,6930.0
2139,6930.0
2140,6929.0
2141,6929.0
2142,6928.0
2143,6928.0
2144,6927.0
2145,6926.0
2146,6926.0
2147,6925.0
2148,6925.0
2149,6924.0
2150,6924.0
2151,6923.0
2152,6922.0
2153,6922.0
2154,6921.0
2155,6921.0
2156,6920.0
2157,6920.0
2158,6919.0
2159,6919.0
2160,6918.0
2161,6917.0
2162,6917.0
2163,6916.0
2164,6916.0
2165,6915.0
2166,6915.0
2167,6914.0
2168,6914.0
2169,6913.0
2170,6912.0
2171,6912.0
2172,6911.0
2173,6911.0
2174,6910.0
2175,6910.0
2176,6909.0
2177,6908.0
2178,6908.0
2179,6907.0
2180,6907.0
2181,6906.0
2182,6906.0
2183,6905.0
2184,6904.0
2185,6904.0
2186,6903.0
2187,6903.0
2188,6902.0
2189,6902.0
2190,6901.0
2191,6900.0
2192,6900.0
2193,6899.0
2194,6899.0
2195,6898.0
2196,6898.0
2197,6897.0
2198,6896.0
2199,6896.0
2200,6895.0
2201,6895.0
2202,6894.0
2203,6894.0
2204,6893.0
2205,6892.0
2206,6892.0
2207,6891.0
2208,6891.0
2209,6890.0
2210,6890.0
2211,6889.0
2212,6888.0
2213,6888.0
2214,6887.0
2215,6887.0
2216,6886.0
2217,6885.0
2218,6885.0
2219,6884.0
2220,6884.0
2221,6883.0
2222,6883.0
2223,6882.0
2224,6881.0
2225,6881.0
2226,6880.0
2227,6880.0
2228,6879.0
2229,6878.0
2230,6878.0
2231,6877.0
2232,6877.0
2233,6876.0
2234,6876.0
2235,6875.0
2236,6874.0
2237,6874.0
2238,6873.0
2239,6873.0
2240,6872.0
2241,6871.0
2242,6871.0
2243,6870.0
2244,6870.0
2245,6869.0
2246,6869.0
2247,6868.0
2248,6867.0
2249,6867.0
2250,6866.0
2251,6866.0
2252,6865.0
2253,6864.0
2254,6864.0
2255,6863.0
2256,6863.0
2257,6862.0
2258,6861.0
2259,6861.0
2260,6860.0
2261,6860.0
2262,6859.0
2263,6858.0
2264,6858.0
2265,6857.0
2266,6857.0
2267,6856.0
2268,6856.0
2269,6855.0
2270,6854.0
2271,6854.0
2272,6853.0
2273,6853.0
2274,6852.0
2275,6851.0
2276,6851.0
2277,6850.0
2278,6850.0
2279,6849.0
2280,6848.0
2281,6848.0
2282,6847.0
2283,6847.0
2284,6846.0
2285,6845.0
2286,6845.0
2287,6844.0
2288,6844.0
2289,6843.0
2290,6842.0
2291,6842.0
2292,6841.0
2293,6841.0
2294,6840.0
2295,6839.0
2296,6839.0
2297,6838.0
2298,6837.0
2299,6837.0
2300,6836.0
2301,6836.0
2302,6835.0
2303,6834.0
2304,6834.0
2305,6833.0
2306,6833.0
2307,6832.0
2308,6831.0
2309,6831.0
2310,6830.0
2311,6830.0
2312,6829.0
2313,6828.0
2314,6828.0
2315,6827.0
2316,6827.0
2317,6826.0
2318,6825.0
2319,6825.0
2320,6824.0
2321,6823.0
2322,6823.0
2323,6822.0
2324,6822.0
2325,6821.0
2326,6820.0
2327,6820.0
2328,6819.0
2329,6819.0
2330,6818.0
2331,6817.0
2332,6817.0
2333,6816.0
2334,6816.0
2335,6815.0
2336,6814.0
2337,6814.0
2338,6813.0
2339,6812.0
2340,6812.0
2341,6811.0
2342,6811.0
2343,6810.0
2344,6809.0
2345,6809.0
2346,6808.0
2347,6807.0
2348,6807.0
2349,6806.0
2350,6806.0
2351,6805.0
2352,6804.0
2353,6804.0
2354,6803.0
2355,6802.0
2356,6802.0
2357,6801.0
2358,6801.0
2359,6800.0
2360,6799.0
2361,6799.0
2362,6798.0
2363,6798.0
2364,6797.0
2365,6796.0
2366,6796.0
2367,6795.0
2368,6794.0
2369,6794.0
2370,6793.0
2371,6792.0
2372,6792.0
2373,6791.0
2374,6791.0
2375,6790.0
2376,6789.0
2377,6789.0
2378,6788.0
2379,6787.0
2380,6787.0
2381,6786.0
2382,6786.0
2383,6785.0
2384,6784.0
2385,6784.0
2386,6783.0
2387,6782.0
2388,6782.0
2389,6781.0
2390,6780.0
2391,6780.0
2392,6779.0
2393,6779.0
2394,6778.0
2395,6777.0
2396,6777.0
2397,6776.0
2398,6775.0
2399,6775.0
2400,6774.0
2401,6773.0
2402,6773.0
2403,6772.0
2404,6772.0
2405,6771.0
2406,6770.0
2407,6770.0
2408,6769.0
2409,6768.0
2410,6768.0
2411,6767.0
2412,6766.0
2413,6766.0
2414,6765.0
2415,6765.0
2416,6764.0
2417,6763.0
2418,6763.0
2419,6762.0
2420,6761.0
2421,6761.0
2422,6760.0
2423,6759.0
2424,6759.0
2425,6758.0
2426,6757.0
2427,6757.0
2428,6756.0
2429,6755.0
2430,6755.0
2431,6754.0
2432,6754.0
2433,6753.0
2434,6752.0
2435,6752.0
2436,6751.0
2437,6750.0
2438,6750.0
2439,6749.0
2440,6748.0
2441,6748.0
2442,6747.0
2443,6746.0
2444,6746.0
2445,6745.0
2446,6744.0
2447,6744.0
2448,6743.0
2449,6742.0
2450,6742.0
2451,6741.0
2452,6741.0
2453,6740.0
2454,6739.0
2455,6739.0
2456,6738.0
2457,6737.0
2458,6737.0
2459,6736.0
2460,6735.0
2461,6735.0
2462,6734.0
2463,6733.0
2464,6733.0
2465,6732.0
2466,6731.0
2467,6731.0
2468,6730.0
2469,6729.0
2470,6729.0
2471,6728.0
2472,6727.0
2473,6727.0
2474,6726.0
2475,6725.0
2476,6725.0
2477,6724.0
2478,6723.0
2479,6723.0
2480,6722.0
2481,6721.0
2482,6721.0
2483,6720.0
2484,6719.0
2485,6719.0
2486,6718.0
2487,6717.0
2488,6717.0
2489,6716.0
2490,6715.0
2491,6715.0
2492,6714.0
2493,6713.0
2494,6713.0
2495,6712.0
2496,6711.0
2497,6711.0
2498,6710.0
2499,6709.0
2500,6709.0
2501,6708.0
2502,6707.0
2503,6707.0
2504,6706.0
2505,6705.0
2506,6705.0
2507,6704.0
2508,6703.0
2509,6703.0
2510,6702.0
2511,6701.0
2512,6701.0
2513,6700.0
2514,6699.0
2515,6699.0
2516,6698.0
2517,6697.0
2518,6697.0
2519,6696.0
2520,6695.0
2521,6695.0
2522,6694.0
2523,6693.0
2524,6693.0
2525,6692.0
2526,6691.0
2527,6690.0
2528,6690.0
2529,6689.0
2530,6688.0
2531,6688.0
2532,6687.0
2533,6686.0
2534,6686.0
2535,6685.0
2536,6684.0
2537,6684.0
2538,6683.0
2539,6682.0
2540,6682.0
2541,6681.0
2542,6680.0
2543,6680.0
2544,6679.0
2545,6678.0
2546,6677.0
2547,6677.0
2548,6676.0
2549,6675.0
2550,6675.0
2551,6674.0
2552,6673.0
2553,6673.0
2554,6672.0
2555,6671.0
2556,6671.0
2557,6670.0
2558,6669.0
2559,6669.0
2560,6668.0
2561,6667.0
2562,6666.0
2563,6666.0
2564,6665.0
2565,6664.0
2566,6664.0
2567,6663.0
2568,6662.0
2569,6662.0
2570,6661.0
2571,6660.0
2572,6660.0
2573,6659.0
2574,6658.0
2575,6657.0
2576,6657.0
2577,6656.0
2578,6655.0
2579,6655.0
2580,6654.0
2581,6653.0
2582,6653.0
2583,6652.0
2584,6651.0
2585,6650.0
2586,6650.0
2587,6649.0
2588,6648.0
2589,6648.0
2590,6647.0
2591,6646.0
2592,6646.0
2593,6645.0
2594,6644.0
2595,6643.0
2596,6643.0
2597,6642.0
2598,6641.0
2599,6641.0
2600,6640.0
2601,6639.0
2602,6639.0
2603,6638.0
2604,6637.0
2605,6636.0
2606,6636.0
2607,6635.0
2608,6634.0
2609,6634.0
2610,6633.0
2611,6632.0
2612,6631.0
2613,6631.0
2614,6630.0
2615,6629.0
2616,6629.0
2617,6628.0
2618,6627.0
2619,6626.0
2620,6626.0
2621,6625.0
2622,6624.0
2623,6624.0
2624,6623.0
2625,6622.0
2626,6621.0
2627,6621.0
2628,6620.0
2629,6619.0
2630,6619.0
2631,6618.0
2632,6617.0
2633,6616.0
2634,6616.0
2635,6615.0
2636,6614.0
2637,6614.0
2638,6613.0
2639,6612.0
2640,6611.0
2641,6611.0
2642,6610.0
2643,6609.0
2644,6609.0
2645,6608.0
2646,6607.0
2647,6606.0
2648,6606.0
2649,6605.0
2650,6604.0
2651,6604.0
2652,6603.0
2653,6602.0
2654,6601.0
2655,6601.0
2656,6600.0
2657,6599.0
2658,6598.0
2659,6598.0
2660,6597.0
2661,6596.0
2662,6596.0
2663,6595.0
2664,6594.0
2665,6593.0
2666,6593.0
2667,6592.0
2668,6591.0
2669,6590.0
2670,6590.0
2671,6589.0
2672,6588.0
2673,6588.0
2674,6587.0
2675,6586.0
2676,6585.0
2677,6585.0
2678,6584.0
2679,6583.0
2680,6582.0
2681,6582.0
2682,6581.0
2683,6580.0
2684,6579.0
2685,6579.0
2686,6578.0
2687,6577.0
2688,6577.0
2689,6576.0
2690,6575.0
2691,6574.0
2692,6574.0
2693,6573.0
2694,6572.0
2695,6571.0
2696,6571.0
2697,6570.0
2698,6569.0
2699,6568.0
2700,6568.0
2701,6567.0
2702,6566.0
2703,6565.0
2704,6565.0
2705,6564.0
2706,6563.0
2707,6563.0
2708,6562.0
2709,6561.0
2710,6560.0
2711,6560.0
2712,6559.0
2713,6558.0
2714,6557.0
2715,6557.0
2716,6556.0
2717,6555.0
2718,6554.0
2719,6554.0
2720,6553.0
2721,6552.0
2722,6551.0
2723,6551.0
2724,6550.0
2725,6549.0
2726,6548.0
2727,6548.0
2728,6547.0
2729,6546.0
2730,6545.0
2731,6545.0
2732,6544.0
2733,6543.0
2734,6542.0
2735,6542.0
2736,6541.0
2737,6540.0
2738,6539.0
2739,6539.0
2740,6538.0
2741,6537.0
2742,6536.0
2743,6536.0
2744,6535.0
2745,6534.0
2746,6533.0
2747,6533.0
2748,6532.0
2749,6531.0
2750,6530.0
2751,6529.0
2752,6529.0
2753,6528.0
2754,6527.0
2755,6526.0
2756,6526.0
2757,6525.0
2758,6524.0
2759,6523.0
2760,6523.0
2761,6522.0
2762,6521.0
2763,6520.0
2764,6520.0
2765,6519.0
2766,6518.0
2767,6517.0
2768,6517.0
2769,6516.0
2770,6515.0
2771,6514.0
2772,6513.0
2773,6513.0
2774,6512.0
2775,6511.0
2776,6510.0
2777,6510.0
2778,6509.0
2779,6508.0
2780,6507.0
2781,6507.0
2782,6506.0
2783,6505.0
2784,6504.0
2785,6503.0
2786,6503.0
2787,6502.0
2788,6501.0
2789,6500.0
2790,6500.0
2791,6499.0
2792,6498.0
2793,6497.0
2794,6497.0
2795,6496.0
2796,6495.0
2797,6494.0
2798,6493.0
2799,6493.0
2800,6492.0
2801,6491.0
2802,6490.0
2803,6490.0
2804,6489.0
2805,6488.0
2806,6487.0
2807,6486.0
2808,6486.0
2809,6485.0
2810,6484.0
2811,6483.0
2812,6483.0
2813,6482.0
2814,6481.0
2815,6480.0
2816,6479.0
2817,6479.0
2818,6478.0
2819,6477.0
2820,6476.0
2821,6475.0
2822,6475.0
2823,6474.0
2824,6473.0
2825,6472.0
2826,6472.0
2827,6471.0
2828,6470.0
2829,6469.0
2830,6468.0
2831,6468.0
2832,6467.0
2833,6466.0
2834,6465.0
2835,6464.0
2836,6464.0
2837,6463.0
2838,6462.0
2839,6461.0
2840,6461.0
2841,6460.0
2842,6459.0
2843,6458.0
2844,6457.0
2845,6457.0
2846,6456.0
2847,6455.0
2848,6454.0
2849,6453.0
2850,6453.0
2851,6452.0
2852,6451.0
2853,6450.0
2854,6449.0
2855,6449.0
2856,6448.0
2857,6447.0
2858,6446.0
2859,6445.0
2860,6445.0
2861,6444.0
2862,6443.0
2863,6442.0
2864,6441.0
2865,6441.0
2866,6440.0
2867,6439.0
2868,6438.0
2869,6437.0
2870,6437.0
2871,6436.0
2872,6435.0
2873,6434.0
2874,6433.0
2875,6433.0
2876,6432.0
2877,6431.0
2878,6430.0
2879,6429.0
2880,6429.0
2881,6428.0
2882,6427.0
2883,6426.0
2884,6425.0
2885,6425.0
2886,6424.0
2887,6423.0
2888,6422.0
2889,6421.0
2890,6420.0
2891,6420.0
2892,6419.0
2893,6418.0
2894,6417.0
2895,6416.0
2896,6416.0
2897,6415.0
2898,6414.0
2899,6413.0
2900,6412.0
2901,6412.0
2902,6411.0
2903,6410.0
2904,6409.0
2905,6408.0
2906,6407.0
2907,6407.0
2908,6406.0
2909,6405.0
2910,6404.0
2911,6403.0
2912,6403.0
2913,6402.0
2914,6401.0
2915,6400.0
2916,6399.0
2917,6398.0
2918,6398.0
2919,6397.0
2920,6396.0
2921,6395.0
2922,6394.0
2923,6394.0
2924,6393.0
2925,6392.0
2926,6391.0
2927,6390.0
2928,6389.0
2929,6389.0
2930,6388.0
2931,6387.0
2932,6386.0
2933,6385.0
2934,6384.0
2935,6384.0
2936,6383.0
2937,6382.0
2938,6381.0
2939,6380.0
2940,6379.0
2941,6379.0
2942,6378.0
2943,6377.0
2944,6376.0
2945,6375.0
2946,6375.0
2947,6374.0
2948,6373.0
2949,6372.0
2950,6371.0
2951,6370.0
2952,6370.0
2953,6369.0
2954,6368.0
2955,6367.0
2956,6366.0
2957,6365.0
2958,6364.0
2959,6364.0
2960,6363.0
2961,6362.0
2962,6361.0
2963,6360.0
2964,6359.0
2965,6359.0
2966,6358.0
2967,6357.0
2968,6356.0
2969,6355.0
2970,6354.0
2971,6354.0
2972,6353.0
2973,6352.0
2974,6351.0
2975,6350.0
2976,6349.0
2977,6349.0
2978,6348.0
2979,6347.0
2980,6346.0
2981,6345.0
2982,6344.0
2983,6343.0
2984,6343.0
2985,6342.0
2986,6341.0
2987,6340.0
2988,6339.0
2989,6338.0
2990,6338.0
2991,6337.0
2992,6336.0
2993,6335.0
2994,6334.0
2995,6333.0
2996,6332.0
2997,6332.0
2998,6331.0
2999,6330.0
3000,6329.0
3001,6328.0
3002,6327.0
3003,6326.0
3004,6326.0
3005,6325.0
3006,6324.0
3007,6323.0
3008,6322.0
3009,6321.0
3010,6320.0
3011,6320.0
3012,6319.0
3013,6318.0
3014,6317.0
3015,6316.0
3016,6315.0
3017,6314.0
3018,6314.0
3019,6313.0
3020,6312.0
3021,6311.0
3022,6310.0
3023,6309.0
3024,6308.0
3025,6308.0
3026,6307.0
3027,6306.0
3028,6305.0
3029,6304.0
3030,6303.0
3031,6302.0
3032,6301.0
3033,6301.0
3034,6300.0
3035,6299.0
3036,6298.0
3037,6297.0
3038,6296.0
3039,6295.0
3040,6295.0
3041,6294.0
3042,6293.0
3043,6292.0
3044,6291.0
3045,6290.0
3046,6289.0
3047,6288.0
3048,6288.0
3049,6287.0
3050,6286.0
3051,6285.0
3052,6284.0
3053,6283.0
3054,6282.0
3055,6281.0
3056,6281.0
3057,6280.0
3058,6279.0
3059,6278.0
3060,6277.0
3061,6276.0
3062,6275.0
3063,6274.0
3064,6274.0
3065,6273.0
3066,6272.0
3067,6271.0
3068,6270.0
3069,6269.0
3070,6268.0
3071,6267.0
3072,6267.0
3073,6266.0
3074,6265.0
3075,6264.0
3076,6263.0
3077,6262.0
3078,6261.0
3079,6260.0
3080,6259.0
3081,6259.0
3082,6258.0
3083,6257.0
3084,6256.0
3085,6255.0
3086,6254.0
3087,6253.0
3088,6252.0
3089,6251.0
3090,6251.0
3091,6250.0
3092,6249.0
3093,6248.0
3094,6247.0
3095,6246.0
3096,6245.0
3097,6244.0
3098,6243.0
3099,6243.0
3100,6242.0
3101,6241.0
3102,6240.0
3103,6239.0
3104,6238.0
3105,6237.0
3106,6236.0
3107,6235.0
3108,6234.0
3109,6234.0
3110,6233.0
3111,6232.0
3112,6231.0
3113,6230.0
3114,6229.0
3115,6228.0
3116,6227.0
3117,6226.0
3118,6225.0
3119,6225.0
3120,6224.0
3121,6223.0
3122,6222.0
3123,6221.0
3124,6220.0
3125,6219.0
3126,6218.0
3127,6217.0
3128,6216.0
3129,6216.0
3130,6215.0
3131,6214.0
3132,6213.0
3133,6212.0
3134,6211.0
3135,6210.0
3136,6209.0
3137,6208.0
3138,6207.0
3139,6206.0
3140,6206.0
3141,6205.0
3142,6204.0
3143,6203.0
3144,6202.0
3145,6201.0
3146,6200.0
3147,6199.0
3148,6198.0
3149,6197.0
3150,6196.0
3151,6196.0
3152,6195.0
3153,6194.0
3154,6193.0
3155,6192.0
3156,6191.0
3157,6190.0
3158,6189.0
3159,6188.0
3160,6187.0
3161,6186.0
3162,6185.0
3163,6184.0
3164,6184.0
3165,6183.0
3166,6182.0
3167,6181.0
3168,6180.0
3169,6179.0
3170,6178.0
3171,6177.0
3172,6176.0
3173,6175.0
3174,6174.0
3175,6173.0
3176,6172.0
3177,6172.0
3178,6171.0
3179,6170.0
3180,6169.0
3181,6168.0
3182,6167.0
3183,6166.0
3184,6165.0
3185,6164.0
3186,6163.0
3187,6162.0
3188,6161.0
3189,6160.0
3190,6159.0
3191,6159.0
3192,6158.0
3193,6157.0
3194,6156.0
3195,6155.0
3196,6154.0
3197,6153.0
3198,6152.0
3199,6151.0
3200,6150.0
3201,6149.0
3202,6148.0
3203,6147.0
3204,6146.0
3205,6145.0
3206,6145.0
3207,6144.0
3208,6143.0
3209,6142.0
3210,6141.0
3211,6140.0
3212,6139.0
3213,6138.0
3214,6137.0
3215,6136.0
3216,6135.0
3217,6134.0
3218,6133.0
3219,6132.0
3220,6131.0
3221,6130.0
3222,6129.0
3223,6128.0
3224,6128.0
3225,6127.0
3226,6126.0
3227,6125.0
3228,6124.0
3229,6123.0
3230,6122.0
3231,6121.0
3232,6120.0
3233,6119.0
3234,6118.0
3235,6117.0
3236,6116.0
3237,6115.0
3238,6114.0
3239,6113.0
3240,6112.0
3241,6111.0
3242,6110.0
3243,6109.0
3244,6108.0
3245,6108.0
3246,6107.0
3247,6106.0
3248,6105.0
3249,6104.0
3250,6103.0
3251,6102.0
3252,6101.0
3253,6100.0
3254,6099.0
3255,6098.0
3256,6097.0
3257,6096.0
3258,6095.0
3259,6094.0
3260,6093.0
3261,6092.0
3262,6091.0
3263,6090.0
3264,6089.0
3265,6088.0
3266,6087.0
3267,6086.0
3268,6085.0
3269,6084.0
3270,6083.0
3271,6083.0
3272,6082.0
3273,6081.0
3274,6080.0
3275,6079.0
3276,6078.0
3277,6077.0
3278,6076.0
3279,6075.0
3280,6074.0
3281,6073.0
3282,6072.0
3283,6071.0
3284,6070.0
3285,6069.0
3286,6068.0
3287,6067.0
3288,6066.0
3289,6065.0
3290,6064.0
3291,6063.0
3292,6062.0
3293,6061.0
3294,6060.0
3295,6059.0
3296,6058.0
3297,6057.0
3298,6056.0
3299,6055.0
3300,6054.0
3301,6053.0
3302,6052.0
3303,6051.0
3304,6050.0
3305,6049.0
3306,6048.0
3307,6047.0
3308,6046.0
3309,6045.0
3310,6044.0
3311,6043.0
3312,6042.0
3313,6041.0
3314,6040.0
3315,6039.0
3316,6039.0
3317,6038.0
3318,6037.0
3319,6036.0
3320,6035.0
3321,6034.0
3322,6033.0
3323,6032.0
3324,6031.0
3325,6030.0
3326,6029.0
3327,6028.0
3328,6027.0
3329,6026.0
3330,6025.0
3331,6024.0
3332,6023.0
3333,6022.0
3334,6021.0
3335,6020.0
3336,6019.0
3337,6018.0
3338,6017.0
3339,6016.0
3340,6015.0
3341,6014.0
3342,6013.0
3343,6012.0
3344,6011.0
3345,6010.0
3346,6009.0
3347,6008.0
3348,6007.0
3349,6006.0
3350,6005.0
3351,6004.0
3352,6003.0
3353,6002.0
3354,6001.0
3355,6000.0
3356,5999.0
3357,5998.0
3358,5997.0
3359,5996.0
3360,5995.0
3361,5994.0
3362,5993.0
3363,5992.0
3364,5991.0
3365,5990.0
3366,5988.0
3367,5987.0
3368,5986.0
3369,5985.0
3370,5984.0
3371,5983.0
3372,5982.0
3373,5981.0
3374,5980.0
3375,5979.0
3376,5978.0
3377,5977.0
3378,5976.0
3379,5975.0
3380,5974.0
3381,5973.0
3382,5972.0
3383,5971.0
3384,5970.0
3385,5969.0
3386,5968.0
3387,5967.0
3388,5966.0
3389,5965.0
3390,5964.0
3391,5963.0
3392,5962.0
3393,5961.0
3394,5960.0
3395,5959.0
3396,5958.0
3397,5957.0
3398,5956.0
3399,5955.0
3400,5954.0
3401,5953.0
3402,5952.0
3403,5951.0
3404,5950.0
3405,5949.0
3406,5948.0
3407,5947.0
3408,5946.0
3409,5945.0
3410,5944.0
3411,5942.0
3412,5941.0
3413,5940.0
3414,5939.0
3415,5938.0
3416,5937.0
3417,5936.0
3418,5935.0
3419,5934.0
3420,5933.0
3421,5932.0
3422,5931.0
3423,5930.0
3424,5929.0
3425,5928.0
3426,5927.0
3427,5926.0
3428,5925.0
3429,5924.0
3430,5923.0
3431,5922.0
3432,5921.0
3433,5920.0
3434,5919.0
3435,5918.0
3436,5916.0
3437,5915.0
3438,5914.0
3439,5913.0
3440,5912.0
3441,5911.0
3442,5910.0
3443,5909.0
3444,5908.0
3445,5907.0
3446,5906.0
3447,5905.0
3448,5904.0
3449,5903.0
3450,5902.0
3451,5901.0
3452,5900.0
3453,5899.0
3454,5898.0
3455,5897.0
3456,5895.0
3457,5894.0
3458,5893.0
3459,5892.0
3460,5891.0
3461,5890.0
3462,5889.0
3463,5888.0
3464,5887.0
3465,5886.0
3466,5885.0
3467,5884.0
3468,5883.0
3469,5882.0
3470,5881.0
3471,5880.0
3472,5879.0
3473,5877.0
3474,5876.0
3475,5875.0
3476,5874.0
3477,5873.0
3478,5872.0
3479,5871.0
3480,5870.0
3481,5869.0
3482,5868.0
3483,5867.0
3484,5866.0
3485,5865.0
3486,5864.0
3487,5863.0
3488,5861.0
3489,5860.0
3490,5859.0
3491,5858.0
3492,5857.0
3493,5856.0
3494,5855.0
3495,5854.0
3496,5853.0
3497,5852.0
3498,5851.0
3499,5850.0
3500,5849.0
3501,5847.0
3502,5846.0
3503,5845.0
3504,5844.0
3505,5843.0
3506,5842.0
3507,5841.0
3508,5840.0
3509,5839.0
3510,5838.0
3511,5837.0
3512,5836.0
3513,5835.0
3514,5833.0
3515,5832.0
3516,5831.0
3517,5830.0
3518,5829.0
3519,5828.0
3520,5827.0
3521,5826.0
3522,5825.0
3523,5824.0
3524,5823.0
3525,5821.0
3526,5820.0
3527,5819.0
3528,5818.0
3529,5817.0
3530,5816.0
3531,5815.0
3532,5814.0
3533,5813.0
3534,5812.0
3535,5811.0
3536,5809.0
3537,5808.0
3538,5807.0
3539,5806.0
3540,5805.0
3541,5804.0
3542,5803.0
3543,5802.0
3544,5801.0
3545,5800.0
3546,5798.0
3547,5797.0
3548,5796.0
3549,5795.0
3550,5794.0
3551,5793.0
3552,5792.0
3553,5791.0
3554,5790.0
3555,5789.0
3556,5787.0
3557,5786.0
3558,5785.0
3559,5784.0
3560,5783.0
3561,5782.0
3562,5781.0
3563,5780.0
3564,5779.0
3565,5777.0
3566,5776.0
3567,5775.0
3568,5774.0
3569,5773.0
3570,5772.0
3571,5771.0
3572,5770.0
3573,5769.0
3574,5767.0
3575,5766.0
3576,5765.0
3577,5764.0
3578,5763.0
3579,5762.0
3580,5761.0
3581,5760.0
3582,5759.0
3583,5757.0
3584,5756.0
3585,5755.0
3586,5754.0
3587,5753.0
3588,5752.0
3589,5751.0
3590,5750.0
3591,5748.0
3592,5747.0
3593,5746.0
3594,5745.0
3595,5744.0
3596,5743.0
3597,5742.0
3598,5741.0
3599,5739.0
3600,5738.0
3601,5737.0
3602,5736.0
3603,5735.0
3604,5734.0
3605,5733.0
3606,5731.0
3607,5730.0
3608,5729.0
3609,5728.0
3610,5727.0
3611,5726.0
3612,5725.0
3613,5724.0
3614,5722.0
3615,5721.0
3616,5720.0
3617,5719.0
3618,5718.0
3619,5717.0
3620,5716.0
3621,5714.0
3622,5713.0
3623,5712.0
3624,5711.0
3625,5710.0
3626,5709.0
3627,5708.0
3628,5706.0
3629,5705.0
3630,5704.0
3631,5703.0
3632,5702.0
3633,5701.0
3634,5700.0
3635,5698.0
3636,5697.0
3637,5696.0
3638,5695.0
3639,5694.0
3640,5693.0
3641,5692.0
3642,5690.0
3643,5689.0
3644,5688.0
3645,5687.0
3646,5686.0
3647,5685.0
3648,5683.0
3649,5682.0
3650,5681.0
3651,5680.0
3652,5679.0
3653,5678.0
3654,5676.0
3655,5675.0
3656,5674.0
3657,5673.0
3658,5672.0
3659,5671.0
3660,5670.0
3661,5668.0
3662,5667.0
3663,5666.0
3664,5665.0
3665,5664.0
3666,5663.0
3667,5661.0
3668,5660.0
3669,5659.0
3670,5658.0
3671,5657.0
3672,5656.0
3673,5654.0
3674,5653.0
3675,5652.0
3676,5651.0
3677,5650.0
3678,5649.0
3679,5647.0
3680,5646.0
3681,5645.0
3682,5644.0
3683,5643.0
3684,5641.0
3685,5640.0
3686,5639.0
3687,5638.0
3688,5637.0
3689,5636.0
3690,5634.0
3691,5633.0
3692,5632.0
3693,5631.0
3694,5630.0
3695,5629.0
3696,5627.0
3697,5626.0
3698,5625.0
3699,5624.0
3700,5623.0
3701,5621.0
3702,5620.0
3703,5619.0
3704,5618.0
3705,5617.0
3706,5615.0
3707,5614.0
3708,5613.0
3709,5612.0
3710,5611.0
3711,5610.0
3712,5608.0
3713,5607.0
3714,5606.0
3715,5605.0
3716,5604.0
3717,5602.0
3718,5601.0
3719,5600.0
3720,5599.0
3721,5598.0
3722,5596.0
3723,5595.0
3724,5594.0
3725,5593.0
3726,5592.0
3727,5590.0
3728,5589.0
3729,5588.0
3730,5587.0
3731,5586.0
3732,5584.0
3733,5583.0
3734,5582.0
3735,5581.0
3736,5580.0
3737,5578.0
3738,5577.0
3739,5576.0
3740,5575.0
3741,5574.0
3742,5572.0
3743,5571.0
3744,5570.0
3745,5569.0
3746,5567.0
3747,5566.0
3748,5565.0
3749,5564.0
3750,5563.0
3751,5561.0
3752,5560.0
3753,5559.0
3754,5558.0
3755,5557.0
3756,5555.0
3757,5554.0
3758,5553.0
3759,5552.0
3760,5550.0
3761,5549.0
3762,5548.0
3763,5547.0
3764,5546.0
3765,5544.0
3766,5543.0
3767,5542.0
3768,5541.0
3769,5539.0
3770,5538.0
3771,5537.0
3772,5536.0
3773,5535.0
3774,5533.0
3775,5532.0
3776,5531.0
3777,5530.0
3778,5528.0
3779,5527.0
3780,5526.0
3781,5525.0
3782,5524.0
3783,5522.0
3784,5521.0
3785,5520.0
3786,5519.0
3787,5517.0
3788,5516.0
3789,5515.0
3790,5514.0
3791,5512.0
3792,5511.0
3793,5510.0
3794,5509.0
3795,5507.0
3796,5506.0
3797,5505.0
3798,5504.0
3799,5502.0
3800,5501.0
3801,5500.0
3802,5499.0
3803,5497.0
3804,5496.0
3805,5495.0
3806,5494.0
3807,5493.0
3808,5491.0
3809,5490.0
3810,5489.0
3811,5488.0
3812,5486.0
3813,5485.0
3814,5484.0
3815,5483.0
3816,5481.0
3817,5480.0
3818,5479.0
3819,5477.0
3820,5476.0
3821,5475.0
3822,5474.0
3823,5472.0
3824,5471.0
3825,5470.0
3826,5469.0
3827,5467.0
3828,5466.0
3829,5465.0
3830,5464.0
3831,5462.0
3832,5461.0
3833,5460.0
3834,5459.0
3835,5457.0
3836,5456.0
3837,5455.0
3838,5454.0
3839,5452.0
3840,5451.0
3841,5450.0
3842,5448.0
3843,5447.0
3844,5446.0
3845,5445.0
3846,5443.0
3847,5442.0
3848,5441.0
3849,5440.0
3850,5438.0
3851,5437.0
3852,5436.0
3853,5434.0
3854,5433.0
3855,5432.0
3856,5431.0
3857,5429.0
3858,5428.0
3859,5427.0
3860,5426.0
3861,5424.0
3862,5423.0
3863,5422.0
3864,5420.0
3865,5419.0
3866,5418.0
3867,5417.0
3868,5415.0
3869,5414.0
3870,5413.0
3871,5411.0
3872,5410.0
3873,5409.0
3874,5408.0
3875,5406.0
3876,5405.0
3877,5404.0
3878,5402.0
3879,5401.0
3880,5400.0
3881,5398.0
3882,5397.0
3883,5396.0
3884,5395.0
3885,5393.0
3886,5392.0
3887,5391.0
3888,5389.0
3889,5388.0
3890,5387.0
3891,5385.0
3892,5384.0
3893,5383.0
3894,5382.0
3895,5380.0
3896,5379.0
3897,5378.0
3898,5376.0
3899,5375.0
3900,5374.0
3901,5372.0
3902,5371.0
3903,5370.0
3904,5369.0
3905,5367.0
3906,5366.0
3907,5365.0
3908,5363.0
3909,5362.0
3910,5361.0
3911,5359.0
3912,5358.0
3913,5357.0
3914,5355.0
3915,5354.0
3916,5353.0
3917,5351.0
3918,5350.0
3919,5349.0
3920,5348.0
3921,5346.0
3922,5345.0
3923,5344.0
3924,5342.0
3925,5341.0
3926,5340.0
3927,5338.0
3928,5337.0
3929,5336.0
3930,5334.0
3931,5333.0
3932,5332.0
3933,5330.0
3934,5329.0
3935,5328.0
3936,5326.0
3937,5325.0
3938,5324.0
3939,5322.0
3940,5321.0
3941,5320.0
3942,5318.0
3943,5317.0
3944,5316.0
3945,5314.0
3946,5313.0
3947,5312.0
3948,5310.0
3949,5309.0
3950,5308.0
3951,5306.0
3952,5305.0
3953,5304.0
3954,5302.0
3955,5301.0
3956,5300.0
3957,5298.0
3958,5297.0
3959,5296.0
3960,5294.0
3961,5293.0
3962,5291.0
3963,5290.0
3964,5289.0
3965,5287.0
3966,5286.0
3967,5285.0
3968,5283.0
3969,5282.0
3970,5281.0
3971,5279.0
3972,5278.0
3973,5277.0
3974,5275.0
3975,5274.0
3976,5273.0
3977,5271.0
3978,5270.0
3979,5268.0
3980,5267.0
3981,5266.0
3982,5264.0
3983,5263.0
3984,5262.0
3985,5260.0
3986,5259.0
3987,5258.0
3988,5256.0
3989,5255.0
3990,5253.0
3991,5252.0
3992,5251.0
3993,5249.0
3994,5248.0
3995,5247.0
3996,5245.0
3997,5244.0
3998,5243.0
3999,5241.0
4000,5240.0
4001,5238.0
4002,5237.0
4003,5236.0
4004,5234.0
4005,5233.0
4006,5232.0
4007,5230.0
4008,5229.0
4009,5227.0
4010,5226.0
4011,5225.0
4012,5223.0
4013,5222.0
4014,5220.0
4015,5219.0
4016,5218.0
4017,5216.0
4018,5215.0
4019,5214.0
4020,5212.0
4021,5211.0
4022,5209.0
4023,5208.0
4024,5207.0
4025,5205.0
4026,5204.0
4027,5202.0
4028,5201.0
4029,5200.0
4030,5198.0
4031,5197.0
4032,5195.0
4033,5194.0
4034,5193.0
4035,5191.0
4036,5190.0
4037,5188.0
4038,5187.0
4039,5186.0
4040,5184.0
4041,5183.0
4042,5181.0
4043,5180.0
4044,5179.0
4045,5177.0
4046,5176.0
4047,5174.0
4048,5173.0
4049,5172.0
4050,5170.0
4051,5169.0
4052,5167.0
4053,5166.0
4054,5165.0
4055,5163.0
4056,5162.0
4057,5160.0
4058,5159.0
4059,5157.0
4060,5156.0
4061,5155.0
4062,5153.0
4063,5152.0
4064,5150.0
4065,5149.0
4066,5148.0
4067,5146.0
4068,5145.0
4069,5143.0
4070,5142.0
4071,5140.0
4072,5139.0
4073,5138.0
4074,5136.0
4075,5135.0
4076,5133.0
4077,5132.0
4078,5130.0
4079,5129.0
4080,5128.0
4081,5126.0
4082,5125.0
4083,5123.0
4084,5122.0
4085,5120.0
4086,5119.0
4087,5117.0
4088,5116.0
4089,5115.0
4090,5113.0
4091,5112.0
4092,5110.0
4093,5109.0
4094,5107.0
4095,5106.0
4096,5105.0
4097,5103.0
4098,5102.0
4099,5100.0
4100,5099.0
4101,5097.0
4102,5096.0
4103,5094.0
4104,5093.0
4105,5091.0
4106,5090.0
4107,5089.0
4108,5087.0
4109,5086.0
4110,5084.0
4111,5083.0
4112,5081.0
4113,5080.0
4114,5078.0
4115,5077.0
4116,5075.0
4117,5074.0
4118,5073.0
4119,5071.0
4120,5070.0
4121,5068.0
4122,5067.0
4123,5065.0
4124,5064.0
4125,5062.0
4126,5061.0
4127,5059.0
4128,5058.0
4129,5056.0
4130,5055.0
4131,5053.0
4132,5052.0
4133,5051.0
4134,5049.0
4135,5048.0
4136,5046.0
4137,5045.0
4138,5043.0
4139,5042.0
4140,5040.0
4141,5039.0
4142,5037.0
4143,5036.0
4144,5034.0
4145,5033.0
4146,5031.0
4147,5030.0
4148,5028.0
4149,5027.0
4150,5025.0
4151,5024.0
4152,5022.0
4153,5021.0
4154,5019.0
4155,5018.0
4156,5016.0
4157,5015.0
4158,5013.0
4159,5012.0
4160,5010.0
4161,5009.0
4162,5007.0
4163,5006.0
4164,5004.0
4165,5003.0
4166,5001.0
4167,5000.0
4168,4998.0
4169,4997.0
4170,4995.0
4171,4994.0
4172,4992.0
4173,4991.0
4174,4989.0
4175,4988.0
4176,4986.0
4177,4985.0
4178,4983.0
4179,4982.0
4180,4980.0
4181,4979.0
4182,4977.0
4183,4976.0
4184,4974.0
4185,4973.0
4186,4971.0
4187,4970.0
4188,4968.0
4189,4967.0
4190,4965.0
4191,4964.0
4192,4962.0
4193,4961.0
4194,4959.0
4195,4958.0
4196,4956.0
4197,4955.0
4198,4953.0
4199,4952.0
4200,4950.0
4201,4949.0
4202,4947.0
4203,4945.0
4204,4944.0
4205,4942.0
4206,4941.0
4207,4939.0
4208,4938.0
4209,4936.0
4210,4935.0
4211,4933.0
4212,4932.0
4213,4930.0
4214,4929.0
4215,4927.0
4216,4925.0
4217,4924.0
4218,4922.0
4219,4921.0
4220,4919.0
4221,4918.0
4222,4916.0
4223,4915.0
4224,4913.0
4225,4912.0
4226,4910.0
4227,4908.0
4228,4907.0
4229,4905.0
4230,4904.0
4231,4902.0
4232,4901.0
4233,4899.0
4234,4898.0
4235,4896.0
4236,4895.0
4237,4893.0
4238,4891.0
4239,4890.0
4240,4888.0
4241,4887.0
4242,4885.0
4243,4884.0
4244,4882.0
4245,4880.0
4246,4879.0
4247,4877.0
4248,4876.0
4249,4874.0
4250,4873.0
4251,4871.0
4252,4869.0
4253,4868.0
4254,4866.0
4255,4865.0
4256,4863.0
4257,4862.0
4258,4860.0
4259,4858.0
4260,4857.0
4261,4855.0
4262,4854.0
4263,4852.0
4264,4851.0
4265,4849.0
4266,4847.0
4267,4846.0
4268,4844.0
4269,4843.0
4270,4841.0
4271,4839.0
4272,4838.0
4273,4836.0
4274,4835.0
4275,4833.0
4276,4831.0
4277,4830.0
4278,4828.0
4279,4827.0
4280,4825.0
4281,4824.0
4282,4822.0
4283,4820.0
4284,4819.0
4285,4817.0
4286,4816.0
4287,4814.0
4288,4812.0
4289,4811.0
4290,4809.0
4291,4807.0
4292,4806.0
4293,4804.0
4294,4803.0
4295,4801.0
4296,4799.0
4297,4798.0
4298,4796.0
4299,4795.0
4300,4793.0
4301,4791.0
4302,4790.0
4303,4788.0
4304,4787.0
4305,4785.0
4306,4783.0
4307,4782.0
4308,4780.0
4309,4778.0
4310,4777.0
4311,4775.0
4312,4774.0
4313,4772.0
4314,4770.0
4315,4769.0
4316,4767.0
4317,4765.0
4318,4764.0
4319,4762.0
4320,4761.0
4321,4759.0
4322,4757.0
4323,4756.0
4324,4754.0
4325,4752.0
4326,4751.0
4327,4749.0
4328,4747.0
4329,4746.0
4330,4744.0
4331,4742.0
4332,4741.0
4333,4739.0
4334,4738.0
4335,4736.0
4336,4734.0
4337,4733.0
4338,4731.0
4339,4729.0
4340,4728.0
4341,4726.0
4342,4724.0
4343,4723.0
4344,4721.0
4345,4719.0
4346,4718.0
4347,4716.0
4348,4714.0
4349,4713.0
4350,4711.0
4351,4709.0
4352,4708.0
4353,4706.0
4354,4704.0
4355,4703.0
4356,4701.0
4357,4699.0
4358,4698.0
4359,4696.0
4360,4694.0
4361,4693.0
4362,4691.0
4363,4689.0
4364,4688.0
4365,4686.0
4366,4684.0
4367,4683.0
4368,4681.0
4369,4679.0
4370,4678.0
4371,4676.0
4372,4674.0
4373,4673.0
4374,4671.0
4375,4669.0
4376,4668.0
4377,4666.0
4378,4664.0
4379,4662.0
4380,4661.0
4381,4659.0
4382,4657.0
4383,4656.0
4384,4654.0
4385,4652.0
4386,4651.0
4387,4649.0
4388,4647.0
4389,4645.0
4390,4644.0
4391,4642.0
4392,4640.0
4393,4639.0
4394,4637.0
4395,4635.0
4396,4634.0
4397,4632.0
4398,4630.0
4399,4628.0
4400,4627.0
4401,4625.0
4402,4623.0
4403,4622.0
4404,4620.0
4405,4618.0
4406,4616.0
4407,4615.0
4408,4613.0
4409,4611.0
4410,4610.0
4411,4608.0
4412,4606.0
4413,4604.0
4414,4603.0
4415,4601.0
4416,4599.0
4417,4597.0
4418,4596.0
4419,4594.0
4420,4592.0
4421,4591.0
4422,4589.0
4423,4587.0
4424,4585.0
4425,4584.0
4426,4582.0
4427,4580.0
4428,4578.0
4429,4577.0
4430,4575.0
4431,4573.0
4432,4571.0
4433,4570.0
4434,4568.0
4435,4566.0
4436,4564.0
4437,4563.0
4438,4561.0
4439,4559.0
4440,4557.0
4441,4556.0
4442,4554.0
4443,4552.0
4444,4550.0
4445,4549.0
4446,4547.0
4447,4545.0
4448,4543.0
4449,4542.0
4450,4540.0
4451,4538.0
4452,4536.0
4453,4535.0
4454,4533.0
4455,4531.0
4456,4529.0
4457,4527.0
4458,4526.0
4459,4524.0
4460,4522.0
4461,4520.0
4462,4519.0
4463,4517.0
4464,4515.0
4465,4513.0
4466,4511.0
4467,4510.0
4468,4508.0
4469,4506.0
4470,4504.0
4471,4503.0
4472,4501.0
4473,4499.0
4474,4497.0
4475,4495.0
4476,4494.0
4477,4492.0
4478,4490.0
4479,4488.0
4480,4486.0
4481,4485.0
4482,4483.0
4483,4481.0
4484,4479.0
4485,4477.0
4486,4476.0
4487,4474.0
4488,4472.0
4489,4470.0
4490,4468.0
4491,4467.0
4492,4465.0
4493,4463.0
4494,4461.0
4495,4459.0
4496,4457.0
4497,4456.0
4498,4454.0
4499,4452.0
4500,4450.0
4501,4448.0
4502,4447.0
4503,4445.0
4504,4443.0
4505,4441.0
4506,4439.0
4507,4437.0
4508,4436.0
4509,4434.0
4510,4432.0
4511,4430.0
4512,4428.0
4513,4426.0
4514,4425.0
4515,4423.0
4516,4421.0
4517,4419.0
4518,4417.0
4519,4415.0
4520,4414.0
4521,4412.0
4522,4410.0
4523,4408.0
4524,4406.0
4525,4404.0
4526,4402.0
4527,4401.0
4528,4399.0
4529,4397.0
4530,4395.0
4531,4393.0
4532,4391.0
4533,4390.0
4534,4388.0
4535,4386.0
4536,4384.0
4537,4382.0
4538,4380.0
4539,4378.0
4540,4376.0
4541,4375.0
4542,4373.0
4543,4371.0
4544,4369.0
4545,4367.0
4546,4365.0
4547,4363.0
4548,4361.0
4549,4360.0
4550,4358.0
4551,4356.0
4552,4354.0
4553,4352.0
4554,4350.0
4555,4348.0
4556,4346.0
4557,4345.0
4558,4343.0
4559,4341.0
4560,4339.0
4561,4337.0
4562,4335.0
4563,4333.0
4564,4331.0
4565,4329.0
4566,4328.0
4567,4326.0
4568,4324.0
4569,4322.0
4570,4320.0
4571,4318.0
4572,4316.0
4573,4314.0
4574,4312.0
4575,4310.0
4576,4308.0
4577,4307.0
4578,4305.0
4579,4303.0
4580,4301.0
4581,4299.0
4582,4297.0
4583,4295.0
4584,4293.0
4585,4291.0
4586,4289.0
4587,4287.0
4588,4285.0
4589,4283.0
4590,4282.0
4591,4280.0
4592,4278.0
4593,4276.0
4594,4274.0
4595,4272.0
4596,4270.0
4597,4268.0
4598,4266.0
4599,4264.0
4600,4262.0
4601,4260.0
4602,4258.0
4603,4256.0
4604,4254.0
4605,4252.0
4606,4251.0
4607,4249.0
4608,4247.0
4609,4245.0
4610,4243.0
4611,4241.0
4612,4239.0
4613,4237.0
4614,4235.0
4615,4233.0
4616,4231.0
4617,4229.0
4618,4227.0
4619,4225.0
4620,4223.0
4621,4221.0
4622,4219.0
4623,4217.0
4624,4215.0
4625,4213.0
4626,4211.0
4627,4209.0
4628,4207.0
4629,4205.0
4630,4203.0
4631,4201.0
4632,4199.0
4633,4197.0
4634,4195.0
4635,4193.0
4636,4191.0
4637,4189.0
4638,4187.0
4639,4185.0
4640,4183.0
4641,4181.0
4642,4179.0
4643,4177.0
4644,4175.0
4645,4173.0
4646,4171.0
4647,4169.0
4648,4167.0
4649,4165.0
4650,4163.0
4651,4161.0
4652,4159.0
4653,4157.0
4654,4155.0
4655,4153.0
4656,4151.0
4657,4149.0
4658,4147.0
4659,4145.0
4660,4143.0
4661,4141.0
4662,4139.0
4663,4137.0
4664,4135.0
4665,4133.0
4666,4131.0
4667,4129.0
4668,4127.0
4669,4125.0
4670,4123.0
4671,4121.0
4672,4119.0
4673,4117.0
4674,4115.0
4675,4113.0
4676,4111.0
4677,4109.0
4678,4107.0
4679,4104.0
4680,4102.0
4681,4100.0
4682,4098.0
4683,4096.0
4684,4094.0
4685,4092.0
4686,4090.0
4687,4088.0
4688,4086.0
4689,4084.0
4690,4082.0
4691,4080.0
4692,4078.0
4693,4076.0
4694,4074.0
4695,4071.0
4696,4069.0
4697,4067.0
4698,4065.0
4699,4063.0
4700,4061.0
4701,4059.0
4702,4057.0
4703,4055.0
4704,4053.0
4705,4051.0
4706,4049.0
4707,4046.0
4708,4044.0
4709,4042.0
4710,4040.0
4711,4038.0
4712,4036.0
4713,4034.0
4714,4032.0
4715,4030.0
4716,4028.0
4717,4025.0
4718,4023.0
4719,4021.0
4720,4019.0
4721,4017.0
4722,4015.0
4723,4013.0
4724,4011.0
4725,4008.0
4726,4006.0
4727,4004.0
4728,4002.0
4729,4000.0
4730,3998.0
4731,3996.0
4732,3994.0
4733,3991.0
4734,3989.0
4735,3987.0
4736,3985.0
4737,3983.0
4738,3981.0
4739,3979.0
4740,3976.0
4741,3974.0
4742,3972.0
4743,3970.0
4744,3968.0
4745,3966.0
4746,3964.0
4747,3961.0
4748,3959.0
4749,3957.0
4750,3955.0
4751,3953.0
4752,3951.0
4753,3948.0
4754,3946.0
4755,3944.0
4756,3942.0
4757,3940.0
4758,3938.0
4759,3935.0
4760,3933.0
4761,3931.0
4762,3929.0
4763,3927.0
4764,3924.0
4765,3922.0
4766,3920.0
4767,3918.0
4768,3916.0
4769,3914.0
4770,3911.0
4771,3909.0
4772,3907.0
4773,3905.0
4774,3903.0
4775,3900.0
4776,3898.0
4777,3896.0
4778,3894.0
4779,3892.0
4780,3889.0
4781,3887.0
4782,3885.0
4783,3883.0
4784,3880.0
4785,3878.0
4786,3876.0
4787,3874.0
4788,3872.0
4789,3869.0
4790,3867.0
4791,3865.0
4792,3863.0
4793,3860.0
4794,3858.0
4795,3856.0
4796,3854.0
4797,3851.0
4798,3849.0
4799,3847.0
4800,3845.0
4801,3842.0
4802,3840.0
4803,3838.0
4804,3836.0
4805,3833.0
4806,3831.0
4807,3829.0
4808,3827.0
4809,3824.0
4810,3822.0
4811,3820.0
4812,3818.0
4813,3815.0
4814,3813.0
4815,3811.0
4816,3809.0
4817,3806.0
4818,3804.0
4819,3802.0
4820,3799.0
4821,3797.0
4822,3795.0
4823,3793.0
4824,3790.0
4825,3788.0
4826,3786.0
4827,3783.0
4828,3781.0
4829,3779.0
4830,3776.0
4831,3774.0
4832,3772.0
4833,3770.0
4834,3767.0
4835,3765.0
4836,3763.0
4837,3760.0
4838,3758.0
4839,3756.0
4840,3753.0
4841,3751.0
4842,3749.0
4843,3746.0
4844,3744.0
4845,3742.0
4846,3739.0
4847,3737.0
4848,3735.0
4849,3732.0
4850,3730.0
4851,3728.0
4852,3725.0
4853,3723.0
4854,3721.0
4855,3718.0
4856,3716.0
4857,3714.0
4858,3711.0
4859,3709.0
4860,3707.0
4861,3704.0
4862,3702.0
4863,3699.0
4864,3697.0
4865,3695.0
4866,3692.0
4867,3690.0
4868,3688.0
4869,3685.0
4870,3683.0
4871,3680.0
4872,3678.0
4873,3676.0
4874,3673.0
4875,3671.0
4876,3669.0
4877,3666.0
4878,3664.0
4879,3661.0
4880,3659.0
4881,3657.0
4882,3654.0
4883,3652.0
4884,3649.0
4885,3647.0
4886,3644.0
4887,3642.0
4888,3640.0
4889,3637.0
4890,3635.0
4891,3632.0
4892,3630.0
4893,3628.0
4894,3625.0
4895,3623.0
4896,3620.0
4897,3618.0
4898,3615.0
4899,3613.0
4900,3610.0
4901,3608.0
4902,3606.0
4903,3603.0
4904,3601.0
4905,3598.0
4906,3596.0
4907,3593.0
4908,3591.0
4909,3588.0
4910,3586.0
4911,3583.0
4912,3581.0
4913,3579.0
4914,3576.0
4915,3574.0
4916,3571.0
4917,3569.0
4918,3566.0
4919,3564.0
4920,3561.0
4921,3559.0
4922,3556.0
4923,3554.0
4924,3551.0
4925,3549.0
4926,3546.0
4927,3544.0
4928,3541.0
4929,3539.0
4930,3536.0
4931,3534.0
4932,3531.0
4933,3529.0
4934,3526.0
4935,3524.0
4936,3521.0
4937,3519.0
4938,3516.0
4939,3514.0
4940,3511.0
4941,3508.0
4942,3506.0
4943,3503.0
4944,3501.0
4945,3498.0
4946,3496.0
4947,3493.0
4948,3491.0
4949,3488.0
4950,3486.0
4951,3483.0
4952,3480.0
4953,3478.0
4954,3475.0
4955,3473.0
4956,3470.0
4957,3468.0
4958,3465.0
4959,3462.0
4960,3460.0
4961,3457.0
4962,3455.0
4963,3452.0
4964,3450.0
4965,3447.0
4966,3444.0
4967,3442.0
4968,3439.0
4969,3437.0
4970,3434.0
4971,3431.0
4972,3429.0
4973,3426.0
4974,3423.0
4975,3421.0
4976,3418.0
4977,3416.0
4978,3413.0
4979,3410.0
4980,3408.0
4981,3405.0
4982,3402.0
4983,3400.0
4984,3397.0
4985,3395.0
4986,3392.0
4987,3389.0
4988,3387.0
4989,3384.0
4990,3381.0
4991,3379.0
4992,3376.0
4993,3373.0
4994,3371.0
4995,3368.0
4996,3365.0
4997,3363.0
4998,3360.0
4999,3357.0
5000,3355.0
5001,3352.0
5002,3349.0
5003,3347.0
5004,3344.0
5005,3341.0
5006,3338.0
5007,3336.0
5008,3333.0
5009,3330.0
5010,3328.0
5011,3325.0
5012,3322.0
5013,3319.0
5014,3317.0
5015,3314.0
5016,3311.0
5017,3309.0
5018,3306.0
5019,3303.0
5020,3300.0
5021,3298.0
5022,3295.0
5023,3292.0
5024,3289.0
5025,3287.0
5026,3284.0
5027,3281.0
5028,3278.0
5029,3276.0
5030,3273.0
5031,3270.0
5032,3267.0
5033,3265.0
5034,3262.0
5035,3259.0
5036,3256.0
5037,3253.0
5038,3251.0
5039,3248.0
5040,3245.0
5041,3242.0
5042,3239.0
5043,3237.0
5044,3234.0
5045,3231.0
5046,3228.0
5047,3225.0
5048,3223.0
5049,3220.0
5050,3217.0
5051,3214.0
5052,3211.0
5053,3208.0
5054,3206.0
5055,3203.0
5056,3200.0
5057,3197.0
5058,3194.0
5059,3191.0
5060,3189.0
5061,3186.0
5062,3183.0
5063,3180.0
5064,3177.0
5065,3174.0
5066,3171.0
5067,3168.0
5068,3166.0
5069,3163.0
5070,3160.0
5071,3157.0
5072,3154.0
5073,3151.0
5074,3148.0
5075,3145.0
5076,3142.0
5077,3140.0
5078,3137.0
5079,3134.0
5080,3131.0
5081,3128.0
5082,3125.0
5083,3122.0
5084,3119.0
5085,3116.0
5086,3113.0
5087,3110.0
5088,3107.0
5089,3104.0
5090,3101.0
5091,3098.0
5092,3095.0
5093,3092.0
5094,3090.0
5095,3087.0
5096,3084.0
5097,3081.0
5098,3078.0
5099,3075.0
5100,3072.0
5101,3069.0
5102,3066.0
5103,3063.0
5104,3060.0
5105,3057.0
5106,3054.0
5107,3051.0
5108,3048.0
5109,3045.0
5110,3042.0
5111,3039.0
5112,3036.0
5113,3032.0
5114,3029.0
5115,3026.0
5116,3023.0
5117,3020.0
5118,3017.0
5119,3014.0
5120,3011.0
5121,3008.0
5122,3005.0
5123,3002.0
5124,2999.0
5125,2996.0
5126,2993.0
5127,2990.0
5128,2987.0
5129,2983.0
5130,2980.0
5131,2977.0
5132,2974.0
5133,2971.0
5134,2968.0
5135,2965.0
5136,2962.0
5137,2959.0
5138,2955.0
5139,2952.0
5140,2949.0
5141,2946.0
5142,2943.0
5143,2940.0
5144,2937.0
5145,2933.0
5146,2930.0
5147,2927.0
5148,2924.0
5149,2921.0
5150,2918.0
5151,2914.0
5152,2911.0
5153,2908.0
5154,2905.0
5155,2902.0
5156,2898.0
5157,2895.0
5158,2892.0
5159,2889.0
5160,2886.0
5161,2882.0
5162,2879.0
5163,2876.0
5164,2873.0
5165,2869.0
5166,2866.0
5167,2863.0
5168,2860.0
5169,2856.0
5170,2853.0
5171,2850.0
5172,2847.0
5173,2843.0
5174,2840.0
5175,2837.0
5176,2834.0
5177,2830.0
5178,2827.0
5179,2824.0
5180,2820.0
5181,2817.0
5182,2814.0
5183,2810.0
5184,2807.0
5185,2804.0
5186,2800.0
5187,2797.0
5188,2794.0
5189,2790.0
5190,2787.0
5191,2784.0
5192,2780.0
5193,2777.0
5194,2774.0
5195,2770.0
5196,2767.0
5197,2763.0
5198,2760.0
5199,2757.0
5200,2753.0
5201,2750.0
5202,2747.0
5203,2743.0
5204,2740.0
5205,2736.0
5206,2733.0
5207,2729.0
5208,2726.0
5209,2723.0
5210,2719.0
5211,2716.0
5212,2712.0
5213,2709.0
5214,2705.0
5215,2702.0
5216,2698.0
5217,2695.0
5218,2691.0
5219,2688.0
5220,2684.0
5221,2681.0
5222,2677.0
5223,2674.0
5224,2670.0
5225,2667.0
5226,2663.0
5227,2660.0
5228,2656.0
5229,2653.0
5230,2649.0
5231,2645.0
5232,2642.0
5233,2638.0
5234,2635.0
5235,2631.0
5236,2628.0
5237,2624.0
5238,2620.0
5239,2617.0
5240,2613.0
5241,2610.0
5242,2606.0
5243,2602.0
5244,2599.0
5245,2595.0
5246,2591.0
5247,2588.0
5248,2584.0
5249,2580.0
5250,2577.0
5251,2573.0
5252,2569.0
5253,2566.0
5254,2562.0
5255,2558.0
5256,2555.0
5257,2551.0
5258,2547.0
5259,2544.0
5260,2540.0
5261,2536.0
5262,2532.0
5263,2529.0
5264,2525.0
5265,2521.0
5266,2517.0
5267,2514.0
5268,2510.0
5269,2506.0
5270,2502.0
5271,2498.0
5272,2495.0
5273,2491.0
5274,2487.0
5275,2483.0
5276,2479.0
5277,2476.0
5278,2472.0
5279,2468.0
5280,2464.0
5281,2460.0
5282,2456.0
5283,2452.0
5284,2449.0
5285,2445.0
5286,2441.0
5287,2437.0
5288,2433.0
5289,2429.0
5290,2425.0
5291,2421.0
5292,2417.0
5293,2413.0
5294,2409.0
5295,2405.0
5296,2401.0
5297,2397.0
5298,2393.0
5299,2389.0
5300,2385.0
5301,2381.0
5302,2377.0
5303,2373.0
5304,2369.0
5305,2365.0
5306,2361.0
5307,2357.0
5308,2353.0
5309,2349.0
5310,2345.0
5311,2341.0
5312,2337.0
5313,2333.0
5314,2329.0
5315,2325.0
5316,2320.0
5317,2316.0
5318,2312.0
5319,2308.0
5320,2304.0
5321,2300.0
5322,2296.0
5323,2291.0
5324,2287.0
5325,2283.0
5326,2279.0
5327,2275.0
5328,2270.0
5329,2266.0
5330,2262.0
5331,2258.0
5332,2253.0
5333,2249.0
5334,2245.0
5335,2241.0
5336,2236.0
5337,2232.0
5338,2228.0
5339,2223.0
5340,2219.0
5341,2215.0
5342,2210.0
5343,2206.0
5344,2202.0
5345,2197.0
5346,2193.0
5347,2188.0
5348,2184.0
5349,2180.0
5350,2175.0
5351,2171.0
5352,2166.0
5353,2162.0
5354,2157.0
5355,2153.0
5356,2148.0
5357,2144.0
5358,2139.0
5359,2135.0
5360,2130.0
5361,2126.0
5362,2121.0
5363,2117.0
5364,2112.0
5365,2108.0
5366,2103.0
5367,2098.0
5368,2094.0
5369,2089.0
5370,2085.0
5371,2080.0
5372,2075.0
5373,2071.0
5374,2066.0
5375,2061.0
5376,2057.0
5377,2052.0
5378,2047.0
5379,2042.0
5380,2038.0
5381,2033.0
5382,2028.0
5383,2023.0
5384,2019.0
5385,2014.0
5386,2009.0
5387,2004.0
5388,1999.0
5389,1994.0
5390,1990.0
5391,1985.0
5392,1980.0
5393,1975.0
5394,1970.0
5395,1965.0
5396,1960.0
5397,1955.0
5398,1950.0
5399,1945.0
5400,1940.0
5401,1935.0
5402,1930.0
5403,1925.0
5404,1920.0
5405,1915.0
5406,1910.0
5407,1905.0
5408,1900.0
5409,1894.0
5410,1889.0
5411,1884.0
5412,1879.0
5413,1874.0
5414,1869.0
5415,1863.0
5416,1858.0
5417,1853.0
5418,1848.0
5419,1842.0
5420,1837.0
5421,1832.0
5422,1826.0
5423,1821.0
5424,1816.0
5425,1810.0
5426,1805.0
5427,1799.0
5428,1794.0
5429,1788.0
5430,1783.0
5431,1777.0
5432,1772.0
5433,1766.0
5434,1761.0
5435,1755.0
5436,1750.0
5437,1744.0
5438,1739.0
5439,1733.0
5440,1727.0
5441,1722.0
5442,1716.0
5443,1710.0
5444,1704.0
5445,1699.0
5446,1693.0
5447,1687.0
5448,1681.0
5449,1675.0
5450,1669.0
5451,1664.0
5452,1658.0
5453,1652.0
5454,1646.0
5455,1640.0
5456,1634.0
5457,1628.0
5458,1622.0
5459,1616.0
5460,1610.0
5461,1603.0
5462,1597.0
5463,1591.0
5464,1585.0
5465,1579.0
5466,1572.0
5467,1566.0
5468,1560.0
5469,1554.0
5470,1547.0
5471,1541.0
5472,1534.0
5473,1528.0
5474,1522.0
5475,1515.0
5476,1509.0
5477,1502.0
5478,1495.0
5479,1489.0
5480,1482.0
5481,1475.0
5482,1469.0
5483,1462.0
5484,1455.0
5485,1448.0
5486,1442.0
5487,1435.0
5488,1428.0
5489,1421.0
5490,1414.0
5491,1407.0
5492,1400.0
5493,1393.0
5494,1386.0
5495,1379.0
5496,1371.0
5497,1364.0
5498,1357.0
5499,1349.0
5500,1342.0
5501,1335.0
5502,1327.0
5503,1320.0
5504,1312.0
5505,1305.0
5506,1297.0
5507,1289.0
5508,1282.0
5509,1274.0
5510,1266.0
5511,1258.0
5512,1250.0
5513,1242.0
5514,1234.0
5515,1226.0
5516,1218.0
5517,1210.0
5518,1202.0
5519,1193.0
5520,1185.0
5521,1177.0
5522,1168.0
5523,1160.0
5524,1151.0
5525,1142.0
5526,1134.0
5527,1125.0
5528,1116.0
5529,1107.0
5530,1098.0
5531,1089.0
5532,1080.0
5533,1070.0
5534,1061.0
5535,1052.0
5536,1042.0
5537,1032.0
5538,1023.0
5539,1013.0
5540,1003.0
5541,993.0
5542,983.0
5543,973.0
5544,962.0
5545,952.0
5546,941.0
5547,931.0
5548,920.0
5549,909.0
5550,898.0
5551,887.0
5552,875.0
5553,864.0
5554,852.0
5555,840.0
5556,828.0
5557,816.0
5558,804.0
5559,791.0
5560,779.0
5561,766.0
5562,752.0
5563,739.0
5564,725.0
5565,711.0
5566,697.0
5567,683.0
5568,668.0
5569,653.0
5570,637.0
5571,621.0
5572,605.0
5573,588.0
5574,571.0
5575,553.0
5576,534.0
5577,515.0
5578,495.0
5579,474.0
5580,453.0
5581,430.0
5582,406.0
5583,380.0
5584,353.0
5585,323.0
5586,290.0
5587,253.0
5588,209.0
5589,154.0
5590,59.0
